Order ID,Date,Customer ID,City,Product,Price,Quantity,Total Sales,Payment
ORD-1000,2025-08-15 18:20:54.451687,116,Bandung,Mouse Wireless,150000,3,450000,COD
ORD-1001,2025-09-19 18:20:54.451687,132,Bandung,Smartphone Mid-range,4000000,3,12000000,Credit Card
ORD-1002,2025-07-22 18:20:54.451687,127,Medan,Laptop Gaming,15000000,1,15000000,Bank Transfer
ORD-1003,2025-07-26 18:20:54.451687,119,Jakarta,Mouse Wireless,150000,3,450000,Credit Card
ORD-1004,2025-10-07 18:20:54.451687,110,Surabaya,Laptop Office,8000000,3,24000000,COD
ORD-1005,2025-05-22 18:20:54.451687,119,Jakarta,Headset Bluetooth,350000,1,350000,COD
ORD-1006,2025-11-01 18:20:54.451687,117,Medan,Keyboard Mechanical,500000,2,1000000,Bank Transfer
ORD-1007,2025-07-16 18:20:54.451687,134,Bandung,Laptop Office,8000000,1,8000000,E-Wallet
ORD-1008,2025-07-12 18:20:54.451687,123,Bandung,Laptop Office,8000000,1,8000000,Bank Transfer
ORD-1009,2025-10-06 18:20:54.451687,146,Makassar,Laptop Office,8000000,2,16000000,E-Wallet
ORD-1010,2025-05-01 18:20:54.451687,106,Makassar,Monitor 24 inch,2000000,3,6000000,Bank Transfer
ORD-1011,2025-06-25 18:20:54.451687,136,Surabaya,Smartphone Mid-range,4000000,1,4000000,Credit Card
ORD-1012,2025-12-09 18:20:54.451687,141,Jakarta,Laptop Gaming,15000000,3,45000000,Bank Transfer
ORD-1013,2025-07-24 18:20:54.451687,107,Surabaya,Headset Bluetooth,350000,1,350000,COD
ORD-1014,2025-06-23 18:20:54.451687,142,Makassar,Keyboard Mechanical,500000,2,1000000,COD
ORD-1015,2025-04-20 18:20:54.451687,116,Bandung,Laptop Gaming,15000000,1,15000000,E-Wallet
ORD-1016,2025-02-28 18:20:54.451687,111,Medan,Laptop Office,8000000,3,24000000,E-Wallet
ORD-1017,2025-01-28 18:20:54.451687,148,Surabaya,Headset Bluetooth,350000,3,1050000,Credit Card
ORD-1018,2025-08-28 18:20:54.451687,102,Medan,Headset Bluetooth,350000,3,1050000,Bank Transfer
ORD-1019,2025-04-05 18:20:54.451687,126,Surabaya,Smartphone Mid-range,4000000,2,8000000,Bank Transfer
ORD-1020,2025-01-11 18:20:54.451687,145,Jakarta,Laptop Gaming,15000000,1,15000000,Bank Transfer
ORD-1021,2025-05-29 18:20:54.451687,129,Bandung,Headset Bluetooth,350000,3,1050000,Credit Card
ORD-1022,2025-02-16 18:20:54.451687,112,Jakarta,Laptop Office,8000000,1,8000000,COD
ORD-1023,2025-01-17 18:20:54.451687,134,Medan,Keyboard Mechanical,500000,1,500000,COD
ORD-1024,2025-10-25 18:20:54.451687,120,Makassar,Laptop Gaming,15000000,3,45000000,Credit Card
ORD-1025,2025-03-04 18:20:54.451687,102,Makassar,Smartphone Flagship,12000000,1,12000000,Credit Card
ORD-1026,2025-07-22 18:20:54.451687,124,Surabaya,Smartphone Mid-range,4000000,2,8000000,E-Wallet
ORD-1027,2025-11-27 18:20:54.451687,132,Makassar,Mouse Wireless,150000,1,150000,Credit Card
ORD-1028,2025-10-28 18:20:54.451687,133,Medan,Monitor 24 inch,2000000,2,4000000,Bank Transfer
ORD-1029,2024-12-26 18:20:54.451687,145,Jakarta,Smartphone Mid-range,4000000,3,12000000,Bank Transfer
ORD-1030,2025-07-06 18:20:54.451687,128,Bandung,Laptop Gaming,15000000,2,30000000,Bank Transfer
ORD-1031,2025-08-17 18:20:54.451687,112,Makassar,Mouse Wireless,150000,1,150000,COD
ORD-1032,2025-03-21 18:20:54.451687,125,Medan,Laptop Office,8000000,1,8000000,COD
ORD-1033,2025-10-29 18:20:54.451687,150,Jakarta,Laptop Gaming,15000000,1,15000000,COD
ORD-1034,2025-11-09 18:20:54.451687,114,Makassar,Smartphone Mid-range,4000000,2,8000000,E-Wallet
ORD-1035,2025-02-06 18:20:54.451687,109,Makassar,Monitor 24 inch,2000000,1,2000000,E-Wallet
ORD-1036,2025-04-07 18:20:54.451687,114,Surabaya,Headset Bluetooth,350000,3,1050000,Bank Transfer
ORD-1037,2025-10-29 18:20:54.451687,148,Medan,Laptop Gaming,15000000,2,30000000,COD
ORD-1038,2025-08-11 18:20:54.451687,111,Makassar,Laptop Gaming,15000000,1,15000000,Bank Transfer
ORD-1039,2025-03-13 18:20:54.451687,142,Jakarta,Headset Bluetooth,350000,1,350000,E-Wallet
ORD-1040,2025-12-04 18:20:54.451687,125,Bandung,Smartphone Flagship,12000000,1,12000000,Bank Transfer
ORD-1041,2025-02-26 18:20:54.451687,147,Bandung,Laptop Gaming,15000000,1,15000000,Credit Card
ORD-1042,2025-04-26 18:20:54.451687,136,Jakarta,Laptop Gaming,15000000,2,30000000,Credit Card
ORD-1043,2025-06-27 18:20:54.451687,125,Surabaya,Laptop Gaming,15000000,3,45000000,Bank Transfer
ORD-1044,2025-03-06 18:20:54.451687,109,Medan,Keyboard Mechanical,500000,2,1000000,Credit Card
ORD-1045,2024-12-31 18:20:54.451687,148,Jakarta,Monitor 24 inch,2000000,1,2000000,COD
ORD-1046,2025-10-25 18:20:54.451687,137,Surabaya,Smartphone Flagship,12000000,2,24000000,Bank Transfer
ORD-1047,2025-07-25 18:20:54.451687,143,Bandung,Keyboard Mechanical,500000,2,1000000,COD
ORD-1048,2025-10-11 18:20:54.451687,119,Bandung,Headset Bluetooth,350000,3,1050000,E-Wallet
ORD-1049,2024-12-27 18:20:54.451687,134,Medan,Smartphone Flagship,12000000,2,24000000,COD
ORD-1050,2025-10-29 18:20:54.451687,115,Jakarta,Smartphone Mid-range,4000000,2,8000000,Credit Card
ORD-1051,2025-06-10 18:20:54.451687,105,Bandung,Mouse Wireless,150000,3,450000,COD
ORD-1052,2025-08-15 18:20:54.451687,134,Makassar,Smartphone Mid-range,4000000,2,8000000,COD
ORD-1053,2025-02-03 18:20:54.451687,134,Medan,Monitor 24 inch,2000000,2,4000000,Credit Card
ORD-1054,2025-03-19 18:20:54.451687,108,Surabaya,Smartphone Mid-range,4000000,1,4000000,COD
ORD-1055,2025-02-18 18:20:54.451687,133,Makassar,Laptop Office,8000000,3,24000000,Credit Card
ORD-1056,2025-01-29 18:20:54.451687,112,Medan,Keyboard Mechanical,500000,2,1000000,Bank Transfer
ORD-1057,2025-09-16 18:20:54.451687,117,Bandung,Smartphone Flagship,12000000,1,12000000,COD
ORD-1058,2025-04-09 18:20:54.451687,145,Makassar,Laptop Gaming,15000000,3,45000000,Credit Card
ORD-1059,2025-08-24 18:20:54.451687,130,Bandung,Monitor 24 inch,2000000,1,2000000,COD
ORD-1060,2024-12-24 18:20:54.451687,108,Makassar,Smartphone Mid-range,4000000,1,4000000,Bank Transfer
ORD-1061,2024-12-27 18:20:54.451687,149,Bandung,Laptop Gaming,15000000,2,30000000,E-Wallet
ORD-1062,2025-05-20 18:20:54.451687,117,Makassar,Smartphone Flagship,12000000,1,12000000,Credit Card
ORD-1063,2025-12-13 18:20:54.451687,147,Surabaya,Keyboard Mechanical,500000,1,500000,COD
ORD-1064,2025-06-12 18:20:54.451687,140,Jakarta,Headset Bluetooth,350000,1,350000,COD
ORD-1065,2025-12-16 18:20:54.451687,103,Bandung,Smartphone Flagship,12000000,1,12000000,COD
ORD-1066,2025-07-17 18:20:54.451687,113,Medan,Smartphone Mid-range,4000000,1,4000000,COD
ORD-1067,2025-07-15 18:20:54.451687,150,Bandung,Laptop Office,8000000,3,24000000,E-Wallet
ORD-1068,2025-04-23 18:20:54.451687,131,Bandung,Smartphone Flagship,12000000,1,12000000,Credit Card
ORD-1069,2025-09-29 18:20:54.451687,142,Makassar,Mouse Wireless,150000,2,300000,COD
ORD-1070,2025-08-20 18:20:54.451687,120,Makassar,Monitor 24 inch,2000000,3,6000000,COD
ORD-1071,2025-09-08 18:20:54.451687,148,Surabaya,Monitor 24 inch,2000000,1,2000000,Bank Transfer
ORD-1072,2025-02-05 18:20:54.451687,111,Jakarta,Smartphone Mid-range,4000000,3,12000000,COD
ORD-1073,2025-07-28 18:20:54.451687,123,Makassar,Mouse Wireless,150000,2,300000,Credit Card
ORD-1074,2025-12-05 18:20:54.451687,147,Surabaya,Mouse Wireless,150000,3,450000,Credit Card
ORD-1075,2025-02-25 18:20:54.451687,106,Medan,Keyboard Mechanical,500000,1,500000,Credit Card
ORD-1076,2025-11-10 18:20:54.451687,141,Surabaya,Headset Bluetooth,350000,2,700000,COD
ORD-1077,2025-05-22 18:20:54.451687,106,Surabaya,Mouse Wireless,150000,1,150000,E-Wallet
ORD-1078,2025-12-18 18:20:54.451687,133,Medan,Headset Bluetooth,350000,1,350000,COD
ORD-1079,2025-11-13 18:20:54.451687,128,Medan,Laptop Gaming,15000000,3,45000000,COD
ORD-1080,2025-11-01 18:20:54.451687,148,Jakarta,Laptop Office,8000000,2,16000000,E-Wallet
ORD-1081,2025-05-14 18:20:54.451687,106,Surabaya,Smartphone Flagship,12000000,1,12000000,COD
ORD-1082,2025-02-11 18:20:54.451687,142,Medan,Laptop Office,8000000,2,16000000,Bank Transfer
ORD-1083,2025-05-19 18:20:54.451687,122,Makassar,Headset Bluetooth,350000,3,1050000,Bank Transfer
ORD-1084,2025-05-17 18:20:54.451687,102,Medan,Keyboard Mechanical,500000,3,1500000,Credit Card
ORD-1085,2025-04-30 18:20:54.451687,138,Medan,Laptop Gaming,15000000,3,45000000,COD
ORD-1086,2025-06-26 18:20:54.451687,129,Medan,Keyboard Mechanical,500000,2,1000000,Credit Card
ORD-1087,2025-04-19 18:20:54.451687,104,Jakarta,Keyboard Mechanical,500000,3,1500000,E-Wallet
ORD-1088,2025-10-22 18:20:54.451687,127,Jakarta,Headset Bluetooth,350000,1,350000,COD
ORD-1089,2025-06-24 18:20:54.451687,122,Makassar,Mouse Wireless,150000,3,450000,COD
ORD-1090,2025-06-27 18:20:54.451687,131,Makassar,Headset Bluetooth,350000,1,350000,E-Wallet
ORD-1091,2025-11-06 18:20:54.451687,112,Makassar,Monitor 24 inch,2000000,2,4000000,Bank Transfer
ORD-1092,2025-10-18 18:20:54.451687,114,Jakarta,Smartphone Mid-range,4000000,3,12000000,Bank Transfer
ORD-1093,2025-04-07 18:20:54.451687,129,Jakarta,Smartphone Mid-range,4000000,3,12000000,COD
ORD-1094,2025-05-31 18:20:54.451687,122,Surabaya,Keyboard Mechanical,500000,2,1000000,E-Wallet
ORD-1095,2025-11-08 18:20:54.451687,133,Medan,Smartphone Mid-range,4000000,2,8000000,E-Wallet
ORD-1096,2025-07-13 18:20:54.451687,135,Jakarta,Smartphone Mid-range,4000000,3,12000000,Credit Card
ORD-1097,2025-08-18 18:20:54.451687,103,Medan,Laptop Gaming,15000000,1,15000000,Bank Transfer
ORD-1098,2025-07-20 18:20:54.451687,126,Medan,Smartphone Flagship,12000000,2,24000000,Bank Transfer
ORD-1099,2025-05-28 18:20:54.451687,101,Medan,Monitor 24 inch,2000000,1,2000000,E-Wallet
ORD-1100,2025-03-17 18:20:54.451687,146,Bandung,Keyboard Mechanical,500000,2,1000000,COD
ORD-1101,2025-07-13 18:20:54.451687,119,Makassar,Monitor 24 inch,2000000,3,6000000,Bank Transfer
ORD-1102,2025-11-22 18:20:54.451687,143,Bandung,Laptop Gaming,15000000,1,15000000,E-Wallet
ORD-1103,2025-08-16 18:20:54.451687,107,Surabaya,Monitor 24 inch,2000000,1,2000000,Credit Card
ORD-1104,2025-11-19 18:20:54.451687,122,Jakarta,Smartphone Mid-range,4000000,2,8000000,E-Wallet
ORD-1105,2025-12-15 18:20:54.451687,106,Medan,Laptop Gaming,15000000,2,30000000,COD
ORD-1106,2025-11-07 18:20:54.451687,126,Makassar,Monitor 24 inch,2000000,2,4000000,Bank Transfer
ORD-1107,2025-11-08 18:20:54.451687,142,Medan,Smartphone Flagship,12000000,3,36000000,E-Wallet
ORD-1108,2025-07-11 18:20:54.451687,119,Bandung,Monitor 24 inch,2000000,1,2000000,Credit Card
ORD-1109,2025-10-29 18:20:54.451687,144,Jakarta,Laptop Office,8000000,1,8000000,COD
ORD-1110,2025-09-22 18:20:54.451687,101,Surabaya,Headset Bluetooth,350000,3,1050000,Credit Card
ORD-1111,2025-05-25 18:20:54.451687,104,Jakarta,Laptop Office,8000000,2,16000000,Bank Transfer
ORD-1112,2025-11-17 18:20:54.451687,120,Surabaya,Keyboard Mechanical,500000,1,500000,COD
ORD-1113,2025-08-08 18:20:54.451687,101,Medan,Laptop Office,8000000,2,16000000,Bank Transfer
ORD-1114,2025-02-22 18:20:54.451687,128,Makassar,Headset Bluetooth,350000,1,350000,Bank Transfer
ORD-1115,2025-01-01 18:20:54.451687,113,Medan,Mouse Wireless,150000,1,150000,Credit Card
ORD-1116,2025-04-17 18:20:54.451687,132,Makassar,Smartphone Flagship,12000000,3,36000000,E-Wallet
ORD-1117,2025-08-13 18:20:54.451687,132,Surabaya,Mouse Wireless,150000,1,150000,COD
ORD-1118,2025-04-17 18:20:54.451687,112,Jakarta,Mouse Wireless,150000,2,300000,Bank Transfer
ORD-1119,2025-01-25 18:20:54.451687,119,Jakarta,Smartphone Mid-range,4000000,3,12000000,Credit Card
ORD-1120,2025-12-15 18:20:54.451687,118,Jakarta,Headset Bluetooth,350000,2,700000,E-Wallet
ORD-1121,2025-02-15 18:20:54.451687,105,Jakarta,Laptop Office,8000000,3,24000000,Bank Transfer
ORD-1122,2025-07-20 18:20:54.451687,106,Makassar,Monitor 24 inch,2000000,2,4000000,Credit Card
ORD-1123,2025-07-05 18:20:54.451687,142,Medan,Laptop Gaming,15000000,2,30000000,Bank Transfer
ORD-1124,2025-07-27 18:20:54.451687,119,Bandung,Headset Bluetooth,350000,1,350000,COD
ORD-1125,2025-11-20 18:20:54.451687,131,Bandung,Laptop Office,8000000,2,16000000,COD
ORD-1126,2025-08-26 18:20:54.451687,116,Medan,Headset Bluetooth,350000,1,350000,E-Wallet
ORD-1127,2025-09-24 18:20:54.451687,118,Surabaya,Laptop Office,8000000,3,24000000,COD
ORD-1128,2024-12-27 18:20:54.451687,107,Bandung,Keyboard Mechanical,500000,1,500000,COD
ORD-1129,2025-07-29 18:20:54.451687,146,Makassar,Keyboard Mechanical,500000,2,1000000,Credit Card
ORD-1130,2025-09-08 18:20:54.451687,137,Medan,Smartphone Mid-range,4000000,1,4000000,Credit Card
ORD-1131,2025-03-21 18:20:54.451687,141,Medan,Laptop Office,8000000,2,16000000,Credit Card
ORD-1132,2025-09-16 18:20:54.451687,131,Bandung,Keyboard Mechanical,500000,1,500000,Credit Card
ORD-1133,2025-05-16 18:20:54.451687,135,Bandung,Laptop Gaming,15000000,3,45000000,Credit Card
ORD-1134,2025-06-05 18:20:54.451687,141,Makassar,Headset Bluetooth,350000,2,700000,Bank Transfer
ORD-1135,2025-12-06 18:20:54.451687,147,Medan,Keyboard Mechanical,500000,2,1000000,Credit Card
ORD-1136,2025-05-21 18:20:54.451687,138,Surabaya,Smartphone Mid-range,4000000,3,12000000,Bank Transfer
ORD-1137,2025-03-12 18:20:54.451687,113,Surabaya,Monitor 24 inch,2000000,1,2000000,Credit Card
ORD-1138,2025-05-13 18:20:54.451687,134,Medan,Mouse Wireless,150000,2,300000,Credit Card
ORD-1139,2025-06-14 18:20:54.451687,115,Medan,Laptop Office,8000000,3,24000000,Credit Card
ORD-1140,2025-05-19 18:20:54.451687,138,Bandung,Mouse Wireless,150000,2,300000,COD
ORD-1141,2025-08-24 18:20:54.451687,125,Medan,Smartphone Mid-range,4000000,2,8000000,Credit Card
ORD-1142,2025-03-19 18:20:54.451687,146,Bandung,Smartphone Flagship,12000000,3,36000000,E-Wallet
ORD-1143,2025-08-13 18:20:54.451687,129,Bandung,Headset Bluetooth,350000,2,700000,Bank Transfer
ORD-1144,2025-05-04 18:20:54.451687,111,Makassar,Smartphone Flagship,12000000,1,12000000,Bank Transfer
ORD-1145,2025-07-11 18:20:54.451687,139,Jakarta,Laptop Office,8000000,3,24000000,Credit Card
ORD-1146,2025-10-28 18:20:54.451687,121,Bandung,Mouse Wireless,150000,3,450000,COD
ORD-1147,2025-01-21 18:20:54.451687,106,Surabaya,Mouse Wireless,150000,1,150000,Credit Card
ORD-1148,2025-10-01 18:20:54.451687,138,Surabaya,Smartphone Flagship,12000000,2,24000000,Credit Card
ORD-1149,2025-04-12 18:20:54.451687,119,Medan,Monitor 24 inch,2000000,3,6000000,Bank Transfer
ORD-1150,2025-05-29 18:20:54.451687,138,Jakarta,Smartphone Mid-range,4000000,2,8000000,COD
ORD-1151,2025-11-01 18:20:54.451687,105,Surabaya,Mouse Wireless,150000,1,150000,E-Wallet
ORD-1152,2025-01-16 18:20:54.451687,133,Bandung,Headset Bluetooth,350000,2,700000,E-Wallet
ORD-1153,2025-11-09 18:20:54.451687,129,Medan,Headset Bluetooth,350000,2,700000,Bank Transfer
ORD-1154,2025-10-17 18:20:54.451687,115,Surabaya,Headset Bluetooth,350000,3,1050000,Bank Transfer
ORD-1155,2025-05-08 18:20:54.451687,107,Jakarta,Smartphone Flagship,12000000,2,24000000,E-Wallet
ORD-1156,2025-10-10 18:20:54.451687,149,Surabaya,Mouse Wireless,150000,2,300000,Credit Card
ORD-1157,2025-06-29 18:20:54.451687,102,Surabaya,Keyboard Mechanical,500000,3,1500000,Credit Card
ORD-1158,2024-12-26 18:20:54.451687,106,Surabaya,Monitor 24 inch,2000000,2,4000000,E-Wallet
ORD-1159,2025-03-01 18:20:54.451687,107,Jakarta,Headset Bluetooth,350000,2,700000,Bank Transfer
ORD-1160,2025-07-09 18:20:54.451687,103,Jakarta,Smartphone Flagship,12000000,3,36000000,E-Wallet
ORD-1161,2025-11-27 18:20:54.451687,135,Bandung,Headset Bluetooth,350000,1,350000,Credit Card
ORD-1162,2025-08-05 18:20:54.451687,121,Makassar,Laptop Gaming,15000000,3,45000000,COD
ORD-1163,2025-05-07 18:20:54.451687,130,Jakarta,Smartphone Mid-range,4000000,3,12000000,E-Wallet
ORD-1164,2025-03-22 18:20:54.451687,112,Makassar,Smartphone Flagship,12000000,2,24000000,E-Wallet
ORD-1165,2025-05-28 18:20:54.451687,139,Surabaya,Laptop Gaming,15000000,1,15000000,E-Wallet
ORD-1166,2025-09-15 18:20:54.451687,128,Makassar,Laptop Office,8000000,2,16000000,Credit Card
ORD-1167,2025-05-25 18:20:54.451687,115,Bandung,Monitor 24 inch,2000000,1,2000000,Credit Card
ORD-1168,2025-10-31 18:20:54.451687,147,Makassar,Laptop Gaming,15000000,1,15000000,COD
ORD-1169,2025-04-08 18:20:54.451687,136,Bandung,Keyboard Mechanical,500000,3,1500000,Credit Card
ORD-1170,2025-06-14 18:20:54.451687,130,Medan,Keyboard Mechanical,500000,2,1000000,Credit Card
ORD-1171,2025-02-08 18:20:54.451687,123,Jakarta,Laptop Gaming,15000000,1,15000000,Credit Card
ORD-1172,2025-10-31 18:20:54.451687,141,Medan,Headset Bluetooth,350000,3,1050000,Bank Transfer
ORD-1173,2025-05-07 18:20:54.451687,109,Medan,Monitor 24 inch,2000000,3,6000000,E-Wallet
ORD-1174,2025-10-02 18:20:54.451687,139,Makassar,Laptop Office,8000000,1,8000000,E-Wallet
ORD-1175,2024-12-21 18:20:54.451687,118,Bandung,Smartphone Mid-range,4000000,2,8000000,Bank Transfer
ORD-1176,2025-10-31 18:20:54.451687,141,Surabaya,Smartphone Mid-range,4000000,1,4000000,E-Wallet
ORD-1177,2025-01-31 18:20:54.451687,105,Surabaya,Smartphone Mid-range,4000000,1,4000000,COD
ORD-1178,2025-09-07 18:20:54.451687,115,Surabaya,Smartphone Flagship,12000000,2,24000000,Bank Transfer
ORD-1179,2025-07-28 18:20:54.451687,133,Jakarta,Smartphone Mid-range,4000000,2,8000000,COD
ORD-1180,2025-09-11 18:20:54.451687,125,Makassar,Laptop Office,8000000,3,24000000,Credit Card
ORD-1181,2025-10-04 18:20:54.451687,114,Bandung,Mouse Wireless,150000,1,150000,Bank Transfer
ORD-1182,2024-12-31 18:20:54.451687,103,Bandung,Headset Bluetooth,350000,3,1050000,Bank Transfer
ORD-1183,2025-03-02 18:20:54.451687,122,Bandung,Smartphone Mid-range,4000000,2,8000000,Credit Card
ORD-1184,2025-01-23 18:20:54.451687,112,Jakarta,Laptop Gaming,15000000,3,45000000,E-Wallet
ORD-1185,2025-10-27 18:20:54.451687,115,Surabaya,Laptop Gaming,15000000,1,15000000,Bank Transfer
ORD-1186,2025-03-29 18:20:54.451687,121,Surabaya,Laptop Gaming,15000000,3,45000000,Credit Card
ORD-1187,2025-04-04 18:20:54.451687,106,Medan,Mouse Wireless,150000,2,300000,COD
ORD-1188,2025-04-30 18:20:54.451687,106,Bandung,Keyboard Mechanical,500000,3,1500000,E-Wallet
ORD-1189,2025-09-14 18:20:54.451687,112,Makassar,Laptop Office,8000000,3,24000000,Credit Card
ORD-1190,2025-12-03 18:20:54.451687,129,Surabaya,Laptop Office,8000000,3,24000000,COD
ORD-1191,2025-12-18 18:20:54.451687,109,Medan,Mouse Wireless,150000,1,150000,Credit Card
ORD-1192,2025-06-03 18:20:54.451687,103,Jakarta,Laptop Office,8000000,2,16000000,COD
ORD-1193,2025-05-25 18:20:54.451687,142,Makassar,Smartphone Flagship,12000000,2,24000000,COD
ORD-1194,2025-10-10 18:20:54.451687,140,Medan,Monitor 24 inch,2000000,2,4000000,Credit Card
ORD-1195,2025-07-01 18:20:54.451687,126,Jakarta,Smartphone Mid-range,4000000,2,8000000,Bank Transfer
ORD-1196,2025-11-27 18:20:54.451687,138,Surabaya,Keyboard Mechanical,500000,2,1000000,E-Wallet
ORD-1197,2025-02-26 18:20:54.451687,135,Medan,Laptop Office,8000000,1,8000000,Bank Transfer
ORD-1198,2025-11-14 18:20:54.451687,131,Surabaya,Laptop Office,8000000,2,16000000,Credit Card
ORD-1199,2025-09-16 18:20:54.451687,142,Surabaya,Smartphone Flagship,12000000,3,36000000,E-Wallet
ORD-1200,2025-08-07 18:20:54.451687,123,Bandung,Laptop Gaming,15000000,3,45000000,Bank Transfer
ORD-1201,2025-10-09 18:20:54.451687,127,Bandung,Headset Bluetooth,350000,2,700000,Credit Card
ORD-1202,2025-01-12 18:20:54.451687,125,Makassar,Laptop Office,8000000,3,24000000,E-Wallet
ORD-1203,2025-06-16 18:20:54.451687,148,Surabaya,Smartphone Mid-range,4000000,1,4000000,Credit Card
ORD-1204,2025-08-05 18:20:54.451687,128,Surabaya,Monitor 24 inch,2000000,3,6000000,COD
ORD-1205,2025-09-01 18:20:54.451687,119,Surabaya,Laptop Gaming,15000000,2,30000000,COD
ORD-1206,2024-12-30 18:20:54.451687,144,Medan,Smartphone Flagship,12000000,2,24000000,Credit Card
ORD-1207,2025-02-21 18:20:54.451687,149,Makassar,Monitor 24 inch,2000000,2,4000000,E-Wallet
ORD-1208,2025-06-12 18:20:54.451687,120,Jakarta,Laptop Office,8000000,3,24000000,Bank Transfer
ORD-1209,2025-04-11 18:20:54.451687,112,Jakarta,Laptop Office,8000000,1,8000000,COD
ORD-1210,2025-09-06 18:20:54.451687,126,Makassar,Mouse Wireless,150000,1,150000,E-Wallet
ORD-1211,2025-11-21 18:20:54.451687,128,Bandung,Monitor 24 inch,2000000,3,6000000,E-Wallet
ORD-1212,2025-08-14 18:20:54.451687,133,Makassar,Laptop Office,8000000,3,24000000,Bank Transfer
ORD-1213,2025-09-20 18:20:54.451687,141,Jakarta,Monitor 24 inch,2000000,3,6000000,Bank Transfer
ORD-1214,2025-05-15 18:20:54.451687,133,Bandung,Keyboard Mechanical,500000,3,1500000,E-Wallet
ORD-1215,2025-09-09 18:20:54.451687,144,Jakarta,Monitor 24 inch,2000000,3,6000000,Credit Card
ORD-1216,2025-05-26 18:20:54.451687,119,Jakarta,Headset Bluetooth,350000,2,700000,E-Wallet
ORD-1217,2025-12-15 18:20:54.451687,137,Makassar,Monitor 24 inch,2000000,1,2000000,E-Wallet
ORD-1218,2025-10-23 18:20:54.451687,116,Bandung,Smartphone Flagship,12000000,3,36000000,COD
ORD-1219,2025-12-17 18:20:54.451687,115,Medan,Monitor 24 inch,2000000,1,2000000,Credit Card
ORD-1220,2025-11-13 18:20:54.451687,114,Bandung,Mouse Wireless,150000,3,450000,E-Wallet
ORD-1221,2025-12-17 18:20:54.451687,139,Surabaya,Monitor 24 inch,2000000,1,2000000,Bank Transfer
ORD-1222,2025-07-12 18:20:54.451687,113,Jakarta,Monitor 24 inch,2000000,1,2000000,E-Wallet
ORD-1223,2025-11-18 18:20:54.451687,135,Jakarta,Laptop Gaming,15000000,3,45000000,E-Wallet
ORD-1224,2025-02-10 18:20:54.451687,114,Medan,Laptop Gaming,15000000,2,30000000,Bank Transfer
ORD-1225,2025-07-12 18:20:54.451687,101,Bandung,Monitor 24 inch,2000000,3,6000000,COD
ORD-1226,2025-06-18 18:20:54.451687,141,Bandung,Laptop Office,8000000,1,8000000,E-Wallet
ORD-1227,2025-06-07 18:20:54.451687,117,Surabaya,Smartphone Flagship,12000000,2,24000000,COD
ORD-1228,2025-02-01 18:20:54.451687,132,Bandung,Smartphone Mid-range,4000000,1,4000000,E-Wallet
ORD-1229,2025-08-11 18:20:54.451687,141,Bandung,Laptop Office,8000000,1,8000000,COD
ORD-1230,2025-12-10 18:20:54.451687,116,Surabaya,Monitor 24 inch,2000000,2,4000000,Bank Transfer
ORD-1231,2025-04-11 18:20:54.451687,105,Jakarta,Headset Bluetooth,350000,3,1050000,Bank Transfer
ORD-1232,2025-12-21 18:20:54.451687,126,Medan,Smartphone Mid-range,4000000,1,4000000,Bank Transfer
ORD-1233,2025-06-22 18:20:54.451687,109,Surabaya,Laptop Gaming,15000000,1,15000000,Bank Transfer
ORD-1234,2025-11-27 18:20:54.451687,137,Surabaya,Laptop Office,8000000,3,24000000,E-Wallet
ORD-1235,2025-07-01 18:20:54.451687,137,Makassar,Headset Bluetooth,350000,1,350000,E-Wallet
ORD-1236,2025-03-18 18:20:54.451687,134,Medan,Headset Bluetooth,350000,2,700000,Credit Card
ORD-1237,2025-04-14 18:20:54.451687,103,Surabaya,Laptop Gaming,15000000,2,30000000,Bank Transfer
ORD-1238,2025-03-24 18:20:54.451687,135,Medan,Mouse Wireless,150000,3,450000,E-Wallet
ORD-1239,2025-10-18 18:20:54.451687,141,Makassar,Headset Bluetooth,350000,3,1050000,Credit Card
ORD-1240,2025-09-09 18:20:54.451687,114,Makassar,Headset Bluetooth,350000,1,350000,E-Wallet
ORD-1241,2025-01-25 18:20:54.451687,135,Medan,Keyboard Mechanical,500000,2,1000000,Credit Card
ORD-1242,2025-01-04 18:20:54.451687,113,Bandung,Laptop Gaming,15000000,3,45000000,COD
ORD-1243,2025-10-18 18:20:54.451687,104,Surabaya,Headset Bluetooth,350000,2,700000,COD
ORD-1244,2025-02-18 18:20:54.451687,125,Surabaya,Mouse Wireless,150000,3,450000,Bank Transfer
ORD-1245,2025-10-31 18:20:54.451687,126,Makassar,Laptop Gaming,15000000,2,30000000,Bank Transfer
ORD-1246,2025-07-07 18:20:54.451687,128,Bandung,Smartphone Mid-range,4000000,3,12000000,E-Wallet
ORD-1247,2025-09-28 18:20:54.451687,117,Surabaya,Keyboard Mechanical,500000,1,500000,Credit Card
ORD-1248,2025-04-28 18:20:54.451687,144,Surabaya,Smartphone Mid-range,4000000,1,4000000,E-Wallet
ORD-1249,2025-12-03 18:20:54.451687,134,Makassar,Laptop Gaming,15000000,3,45000000,Bank Transfer
ORD-1250,2025-11-30 18:20:54.451687,103,Makassar,Keyboard Mechanical,500000,3,1500000,E-Wallet
ORD-1251,2025-05-06 18:20:54.451687,139,Jakarta,Smartphone Flagship,12000000,1,12000000,Bank Transfer
ORD-1252,2025-11-18 18:20:54.451687,147,Surabaya,Smartphone Flagship,12000000,3,36000000,Bank Transfer
ORD-1253,2025-11-02 18:20:54.451687,129,Bandung,Monitor 24 inch,2000000,3,6000000,Credit Card
ORD-1254,2025-04-17 18:20:54.451687,112,Surabaya,Laptop Office,8000000,1,8000000,Credit Card
ORD-1255,2025-05-02 18:20:54.451687,135,Bandung,Keyboard Mechanical,500000,3,1500000,Credit Card
ORD-1256,2025-08-24 18:20:54.451687,128,Jakarta,Smartphone Mid-range,4000000,3,12000000,E-Wallet
ORD-1257,2025-09-18 18:20:54.451687,127,Bandung,Smartphone Flagship,12000000,2,24000000,E-Wallet
ORD-1258,2025-07-03 18:20:54.451687,143,Surabaya,Smartphone Mid-range,4000000,2,8000000,Credit Card
ORD-1259,2025-10-18 18:20:54.451687,148,Makassar,Laptop Office,8000000,3,24000000,Credit Card
ORD-1260,2025-08-06 18:20:54.451687,122,Surabaya,Mouse Wireless,150000,1,150000,Bank Transfer
ORD-1261,2025-11-15 18:20:54.451687,104,Surabaya,Smartphone Mid-range,4000000,3,12000000,Credit Card
ORD-1262,2025-10-13 18:20:54.451687,127,Bandung,Smartphone Flagship,12000000,3,36000000,Credit Card
ORD-1263,2025-11-21 18:20:54.451687,130,Surabaya,Laptop Office,8000000,2,16000000,Bank Transfer
ORD-1264,2025-04-03 18:20:54.451687,149,Medan,Monitor 24 inch,2000000,3,6000000,Bank Transfer
ORD-1265,2025-08-06 18:20:54.451687,144,Jakarta,Smartphone Mid-range,4000000,2,8000000,Credit Card
ORD-1266,2025-04-25 18:20:54.451687,102,Surabaya,Headset Bluetooth,350000,3,1050000,Bank Transfer
ORD-1267,2025-01-10 18:20:54.451687,110,Medan,Keyboard Mechanical,500000,3,1500000,Credit Card
ORD-1268,2025-12-01 18:20:54.451687,134,Jakarta,Headset Bluetooth,350000,1,350000,Bank Transfer
ORD-1269,2025-10-03 18:20:54.451687,127,Jakarta,Headset Bluetooth,350000,3,1050000,Credit Card
ORD-1270,2025-08-21 18:20:54.451687,137,Bandung,Laptop Gaming,15000000,1,15000000,Bank Transfer
ORD-1271,2025-03-03 18:20:54.451687,144,Bandung,Smartphone Flagship,12000000,1,12000000,COD
ORD-1272,2024-12-25 18:20:54.451687,115,Makassar,Headset Bluetooth,350000,2,700000,Credit Card
ORD-1273,2025-09-08 18:20:54.451687,117,Medan,Laptop Gaming,15000000,2,30000000,E-Wallet
ORD-1274,2025-03-02 18:20:54.451687,125,Medan,Mouse Wireless,150000,2,300000,COD
ORD-1275,2025-07-13 18:20:54.451687,109,Makassar,Mouse Wireless,150000,3,450000,E-Wallet
ORD-1276,2025-03-16 18:20:54.451687,110,Bandung,Keyboard Mechanical,500000,3,1500000,E-Wallet
ORD-1277,2025-10-12 18:20:54.451687,117,Surabaya,Smartphone Mid-range,4000000,3,12000000,Credit Card
ORD-1278,2025-04-20 18:20:54.451687,131,Jakarta,Smartphone Flagship,12000000,1,12000000,E-Wallet
ORD-1279,2025-10-09 18:20:54.451687,127,Medan,Smartphone Flagship,12000000,3,36000000,COD
ORD-1280,2025-07-21 18:20:54.451687,119,Bandung,Laptop Office,8000000,3,24000000,E-Wallet
ORD-1281,2025-02-13 18:20:54.451687,121,Jakarta,Mouse Wireless,150000,1,150000,Bank Transfer
ORD-1282,2025-08-28 18:20:54.451687,104,Bandung,Mouse Wireless,150000,2,300000,Bank Transfer
ORD-1283,2025-04-19 18:20:54.451687,107,Medan,Laptop Office,8000000,2,16000000,COD
ORD-1284,2025-11-27 18:20:54.451687,114,Bandung,Mouse Wireless,150000,1,150000,E-Wallet
ORD-1285,2025-11-17 18:20:54.451687,144,Bandung,Laptop Office,8000000,3,24000000,Credit Card
ORD-1286,2025-05-10 18:20:54.451687,150,Bandung,Laptop Gaming,15000000,3,45000000,E-Wallet
ORD-1287,2025-01-04 18:20:54.451687,126,Medan,Laptop Gaming,15000000,3,45000000,COD
ORD-1288,2025-07-31 18:20:54.451687,124,Medan,Keyboard Mechanical,500000,1,500000,COD
ORD-1289,2025-05-28 18:20:54.451687,103,Surabaya,Headset Bluetooth,350000,3,1050000,Bank Transfer
ORD-1290,2025-07-30 18:20:54.451687,144,Medan,Laptop Office,8000000,1,8000000,COD
ORD-1291,2025-12-11 18:20:54.451687,146,Bandung,Laptop Office,8000000,1,8000000,Credit Card
ORD-1292,2025-10-10 18:20:54.451687,101,Bandung,Laptop Office,8000000,1,8000000,Bank Transfer
ORD-1293,2025-09-30 18:20:54.451687,143,Makassar,Keyboard Mechanical,500000,1,500000,E-Wallet
ORD-1294,2025-02-20 18:20:54.451687,129,Surabaya,Laptop Gaming,15000000,2,30000000,Bank Transfer
ORD-1295,2024-12-28 18:20:54.451687,130,Jakarta,Mouse Wireless,150000,1,150000,COD
ORD-1296,2025-12-02 18:20:54.451687,135,Bandung,Monitor 24 inch,2000000,1,2000000,Credit Card
ORD-1297,2025-08-22 18:20:54.451687,122,Makassar,Laptop Gaming,15000000,3,45000000,Credit Card
ORD-1298,2025-07-22 18:20:54.451687,104,Medan,Keyboard Mechanical,500000,3,1500000,E-Wallet
ORD-1299,2025-05-26 18:20:54.451687,117,Surabaya,Mouse Wireless,150000,1,150000,COD
ORD-1300,2025-11-26 18:20:54.451687,143,Medan,Monitor 24 inch,2000000,1,2000000,COD
ORD-1301,2025-08-27 18:20:54.451687,105,Bandung,Smartphone Mid-range,4000000,1,4000000,Credit Card
ORD-1302,2025-08-19 18:20:54.451687,126,Surabaya,Monitor 24 inch,2000000,2,4000000,Bank Transfer
ORD-1303,2025-09-19 18:20:54.451687,118,Bandung,Monitor 24 inch,2000000,2,4000000,Bank Transfer
ORD-1304,2025-12-21 18:20:54.451687,146,Surabaya,Monitor 24 inch,2000000,3,6000000,E-Wallet
ORD-1305,2025-03-20 18:20:54.451687,129,Jakarta,Laptop Office,8000000,2,16000000,Credit Card
ORD-1306,2025-02-09 18:20:54.451687,149,Medan,Laptop Gaming,15000000,1,15000000,COD
ORD-1307,2025-12-09 18:20:54.451687,143,Makassar,Monitor 24 inch,2000000,1,2000000,E-Wallet
ORD-1308,2025-06-13 18:20:54.451687,138,Bandung,Mouse Wireless,150000,3,450000,Bank Transfer
ORD-1309,2024-12-23 18:20:54.451687,128,Surabaya,Monitor 24 inch,2000000,3,6000000,Credit Card
ORD-1310,2025-09-04 18:20:54.451687,118,Bandung,Smartphone Mid-range,4000000,1,4000000,E-Wallet
ORD-1311,2025-10-25 18:20:54.451687,118,Makassar,Headset Bluetooth,350000,2,700000,Bank Transfer
ORD-1312,2025-08-20 18:20:54.451687,139,Bandung,Smartphone Mid-range,4000000,3,12000000,Credit Card
ORD-1313,2025-09-19 18:20:54.451687,103,Jakarta,Smartphone Mid-range,4000000,1,4000000,E-Wallet
ORD-1314,2025-11-28 18:20:54.451687,103,Bandung,Mouse Wireless,150000,3,450000,Bank Transfer
ORD-1315,2025-11-27 18:20:54.451687,135,Bandung,Laptop Gaming,15000000,3,45000000,COD
ORD-1316,2025-12-16 18:20:54.451687,146,Makassar,Laptop Gaming,15000000,1,15000000,COD
ORD-1317,2025-02-14 18:20:54.451687,110,Medan,Laptop Gaming,15000000,3,45000000,COD
ORD-1318,2025-11-10 18:20:54.451687,117,Jakarta,Smartphone Flagship,12000000,2,24000000,Bank Transfer
ORD-1319,2025-12-21 18:20:54.451687,143,Surabaya,Laptop Office,8000000,1,8000000,Credit Card
ORD-1320,2025-05-14 18:20:54.451687,130,Jakarta,Laptop Office,8000000,1,8000000,COD
ORD-1321,2025-03-07 18:20:54.451687,122,Jakarta,Smartphone Mid-range,4000000,2,8000000,Credit Card
ORD-1322,2025-10-27 18:20:54.451687,113,Surabaya,Mouse Wireless,150000,3,450000,Bank Transfer
ORD-1323,2025-07-21 18:20:54.451687,138,Bandung,Mouse Wireless,150000,1,150000,Bank Transfer
ORD-1324,2025-12-10 18:20:54.451687,119,Jakarta,Headset Bluetooth,350000,3,1050000,COD
ORD-1325,2025-06-04 18:20:54.451687,118,Medan,Mouse Wireless,150000,3,450000,Bank Transfer
ORD-1326,2025-06-30 18:20:54.451687,147,Medan,Laptop Gaming,15000000,1,15000000,Bank Transfer
ORD-1327,2025-07-31 18:20:54.451687,122,Surabaya,Laptop Office,8000000,3,24000000,Credit Card
ORD-1328,2025-08-05 18:20:54.451687,146,Jakarta,Smartphone Mid-range,4000000,1,4000000,Bank Transfer
ORD-1329,2025-01-12 18:20:54.451687,113,Bandung,Smartphone Mid-range,4000000,1,4000000,Bank Transfer
ORD-1330,2025-02-11 18:20:54.451687,123,Surabaya,Smartphone Flagship,12000000,1,12000000,E-Wallet
ORD-1331,2025-02-07 18:20:54.451687,145,Bandung,Smartphone Flagship,12000000,3,36000000,Credit Card
ORD-1332,2025-07-01 18:20:54.451687,124,Surabaya,Mouse Wireless,150000,2,300000,Bank Transfer
ORD-1333,2025-06-09 18:20:54.451687,118,Medan,Smartphone Flagship,12000000,3,36000000,COD
ORD-1334,2025-10-14 18:20:54.451687,114,Surabaya,Smartphone Flagship,12000000,1,12000000,E-Wallet
ORD-1335,2025-02-21 18:20:54.451687,143,Makassar,Headset Bluetooth,350000,2,700000,Bank Transfer
ORD-1336,2025-04-09 18:20:54.451687,104,Makassar,Keyboard Mechanical,500000,2,1000000,Credit Card
ORD-1337,2025-01-01 18:20:54.451687,113,Makassar,Monitor 24 inch,2000000,2,4000000,Credit Card
ORD-1338,2025-05-27 18:20:54.451687,107,Medan,Mouse Wireless,150000,2,300000,Bank Transfer
ORD-1339,2025-08-13 18:20:54.451687,115,Medan,Monitor 24 inch,2000000,2,4000000,COD
ORD-1340,2025-05-01 18:20:54.451687,118,Jakarta,Smartphone Flagship,12000000,3,36000000,Credit Card
ORD-1341,2025-08-19 18:20:54.451687,116,Makassar,Mouse Wireless,150000,1,150000,Bank Transfer
ORD-1342,2025-06-08 18:20:54.451687,114,Makassar,Mouse Wireless,150000,2,300000,Credit Card
ORD-1343,2025-07-19 18:20:54.451687,134,Surabaya,Headset Bluetooth,350000,1,350000,COD
ORD-1344,2025-06-08 18:20:54.451687,148,Jakarta,Smartphone Flagship,12000000,1,12000000,E-Wallet
ORD-1345,2025-06-23 18:20:54.451687,133,Bandung,Keyboard Mechanical,500000,2,1000000,Credit Card
ORD-1346,2025-02-21 18:20:54.451687,108,Bandung,Headset Bluetooth,350000,3,1050000,Bank Transfer
ORD-1347,2025-01-25 18:20:54.451687,143,Surabaya,Smartphone Flagship,12000000,3,36000000,COD
ORD-1348,2025-07-04 18:20:54.451687,147,Jakarta,Laptop Gaming,15000000,2,30000000,Credit Card
ORD-1349,2025-02-10 18:20:54.451687,131,Medan,Laptop Gaming,15000000,2,30000000,Bank Transfer
ORD-1350,2025-12-03 18:20:54.451687,109,Jakarta,Laptop Office,8000000,3,24000000,E-Wallet
ORD-1351,2025-12-14 18:20:54.451687,126,Medan,Smartphone Flagship,12000000,2,24000000,Bank Transfer
ORD-1352,2025-12-10 18:20:54.451687,114,Surabaya,Laptop Gaming,15000000,2,30000000,Bank Transfer
ORD-1353,2025-12-13 18:20:54.451687,133,Bandung,Headset Bluetooth,350000,1,350000,Bank Transfer
ORD-1354,2025-04-07 18:20:54.451687,148,Medan,Laptop Gaming,15000000,3,45000000,Credit Card
ORD-1355,2025-03-29 18:20:54.451687,112,Surabaya,Laptop Office,8000000,2,16000000,Credit Card
ORD-1356,2025-09-26 18:20:54.451687,113,Makassar,Laptop Gaming,15000000,3,45000000,COD
ORD-1357,2025-11-25 18:20:54.451687,118,Bandung,Monitor 24 inch,2000000,2,4000000,COD
ORD-1358,2025-05-29 18:20:54.451687,148,Surabaya,Keyboard Mechanical,500000,2,1000000,Bank Transfer
ORD-1359,2025-07-16 18:20:54.451687,106,Surabaya,Headset Bluetooth,350000,1,350000,Credit Card
ORD-1360,2025-01-17 18:20:54.451687,148,Jakarta,Smartphone Mid-range,4000000,2,8000000,COD
ORD-1361,2025-04-23 18:20:54.451687,136,Makassar,Headset Bluetooth,350000,1,350000,E-Wallet
ORD-1362,2025-08-06 18:20:54.451687,110,Surabaya,Mouse Wireless,150000,2,300000,Credit Card
ORD-1363,2025-05-10 18:20:54.451687,131,Makassar,Smartphone Mid-range,4000000,3,12000000,E-Wallet
ORD-1364,2025-09-29 18:20:54.451687,126,Bandung,Smartphone Flagship,12000000,1,12000000,Bank Transfer
ORD-1365,2025-04-05 18:20:54.451687,112,Jakarta,Smartphone Flagship,12000000,3,36000000,E-Wallet
ORD-1366,2025-05-06 18:20:54.451687,107,Makassar,Keyboard Mechanical,500000,3,1500000,Bank Transfer
ORD-1367,2025-05-07 18:20:54.451687,113,Bandung,Monitor 24 inch,2000000,3,6000000,Credit Card
ORD-1368,2025-08-02 18:20:54.451687,113,Bandung,Smartphone Mid-range,4000000,1,4000000,COD
ORD-1369,2025-10-02 18:20:54.451687,143,Makassar,Smartphone Flagship,12000000,2,24000000,Credit Card
ORD-1370,2025-05-04 18:20:54.451687,104,Medan,Smartphone Flagship,12000000,2,24000000,Bank Transfer
ORD-1371,2025-07-03 18:20:54.451687,133,Surabaya,Laptop Gaming,15000000,1,15000000,Bank Transfer
ORD-1372,2025-09-29 18:20:54.451687,148,Medan,Monitor 24 inch,2000000,2,4000000,E-Wallet
ORD-1373,2025-03-30 18:20:54.451687,111,Makassar,Mouse Wireless,150000,2,300000,Bank Transfer
ORD-1374,2025-01-18 18:20:54.451687,129,Bandung,Monitor 24 inch,2000000,1,2000000,Bank Transfer
ORD-1375,2025-05-02 18:20:54.451687,137,Bandung,Keyboard Mechanical,500000,2,1000000,Bank Transfer
ORD-1376,2025-11-24 18:20:54.451687,124,Surabaya,Headset Bluetooth,350000,1,350000,E-Wallet
ORD-1377,2025-03-15 18:20:54.451687,102,Jakarta,Smartphone Flagship,12000000,3,36000000,E-Wallet
ORD-1378,2025-06-13 18:20:54.451687,120,Surabaya,Mouse Wireless,150000,3,450000,Credit Card
ORD-1379,2025-07-13 18:20:54.451687,110,Jakarta,Mouse Wireless,150000,1,150000,COD
ORD-1380,2025-10-30 18:20:54.451687,108,Jakarta,Smartphone Flagship,12000000,3,36000000,Bank Transfer
ORD-1381,2025-08-09 18:20:54.451687,101,Jakarta,Headset Bluetooth,350000,1,350000,Bank Transfer
ORD-1382,2025-04-14 18:20:54.451687,113,Surabaya,Smartphone Mid-range,4000000,2,8000000,Credit Card
ORD-1383,2025-03-11 18:20:54.451687,127,Medan,Laptop Office,8000000,1,8000000,COD
ORD-1384,2025-05-02 18:20:54.451687,143,Jakarta,Headset Bluetooth,350000,2,700000,COD
ORD-1385,2025-12-20 18:20:54.451687,125,Bandung,Headset Bluetooth,350000,3,1050000,COD
ORD-1386,2025-07-18 18:20:54.451687,150,Jakarta,Laptop Office,8000000,2,16000000,Bank Transfer
ORD-1387,2025-11-12 18:20:54.451687,112,Bandung,Laptop Gaming,15000000,3,45000000,Bank Transfer
ORD-1388,2025-10-13 18:20:54.451687,103,Medan,Smartphone Flagship,12000000,1,12000000,E-Wallet
ORD-1389,2025-07-29 18:20:54.451687,132,Bandung,Laptop Office,8000000,3,24000000,E-Wallet
ORD-1390,2025-08-12 18:20:54.451687,138,Makassar,Keyboard Mechanical,500000,3,1500000,COD
ORD-1391,2025-12-19 18:20:54.451687,122,Medan,Laptop Office,8000000,2,16000000,Credit Card
ORD-1392,2025-06-26 18:20:54.451687,110,Jakarta,Mouse Wireless,150000,2,300000,COD
ORD-1393,2025-07-18 18:20:54.451687,133,Makassar,Smartphone Flagship,12000000,1,12000000,Bank Transfer
ORD-1394,2025-10-22 18:20:54.451687,123,Surabaya,Monitor 24 inch,2000000,1,2000000,E-Wallet
ORD-1395,2025-01-31 18:20:54.451687,110,Makassar,Laptop Gaming,15000000,2,30000000,Bank Transfer
ORD-1396,2025-09-18 18:20:54.451687,129,Medan,Headset Bluetooth,350000,1,350000,E-Wallet
ORD-1397,2025-12-18 18:20:54.451687,104,Jakarta,Headset Bluetooth,350000,3,1050000,E-Wallet
ORD-1398,2025-05-21 18:20:54.451687,104,Jakarta,Headset Bluetooth,350000,2,700000,COD
ORD-1399,2025-09-30 18:20:54.451687,135,Bandung,Headset Bluetooth,350000,1,350000,COD
ORD-1400,2025-06-23 18:20:54.451687,129,Medan,Smartphone Mid-range,4000000,2,8000000,Credit Card
ORD-1401,2025-04-20 18:20:54.451687,144,Bandung,Laptop Office,8000000,1,8000000,Credit Card
ORD-1402,2025-05-01 18:20:54.451687,124,Makassar,Headset Bluetooth,350000,1,350000,Bank Transfer
ORD-1403,2025-03-24 18:20:54.451687,131,Bandung,Smartphone Flagship,12000000,3,36000000,COD
ORD-1404,2024-12-24 18:20:54.451687,136,Medan,Smartphone Flagship,12000000,3,36000000,COD
ORD-1405,2025-09-24 18:20:54.451687,106,Bandung,Mouse Wireless,150000,2,300000,Bank Transfer
ORD-1406,2025-05-06 18:20:54.451687,106,Surabaya,Smartphone Mid-range,4000000,1,4000000,Bank Transfer
ORD-1407,2025-05-25 18:20:54.451687,111,Bandung,Smartphone Flagship,12000000,2,24000000,E-Wallet
ORD-1408,2025-10-09 18:20:54.451687,132,Bandung,Headset Bluetooth,350000,1,350000,Bank Transfer
ORD-1409,2025-02-23 18:20:54.451687,126,Bandung,Smartphone Flagship,12000000,3,36000000,Credit Card
ORD-1410,2025-06-19 18:20:54.451687,128,Bandung,Keyboard Mechanical,500000,1,500000,Bank Transfer
ORD-1411,2025-02-17 18:20:54.451687,108,Jakarta,Keyboard Mechanical,500000,3,1500000,Bank Transfer
ORD-1412,2024-12-28 18:20:54.451687,129,Jakarta,Laptop Office,8000000,2,16000000,COD
ORD-1413,2025-06-03 18:20:54.451687,109,Surabaya,Headset Bluetooth,350000,1,350000,COD
ORD-1414,2025-10-01 18:20:54.451687,139,Medan,Smartphone Mid-range,4000000,3,12000000,COD
ORD-1415,2025-11-29 18:20:54.451687,122,Makassar,Smartphone Flagship,12000000,3,36000000,COD
ORD-1416,2025-11-05 18:20:54.451687,123,Makassar,Monitor 24 inch,2000000,2,4000000,Credit Card
ORD-1417,2025-01-18 18:20:54.451687,101,Jakarta,Headset Bluetooth,350000,3,1050000,Bank Transfer
ORD-1418,2025-02-03 18:20:54.451687,135,Surabaya,Headset Bluetooth,350000,1,350000,Credit Card
ORD-1419,2025-04-23 18:20:54.451687,128,Bandung,Laptop Gaming,15000000,1,15000000,E-Wallet
ORD-1420,2025-10-16 18:20:54.451687,102,Bandung,Headset Bluetooth,350000,3,1050000,COD
ORD-1421,2025-02-18 18:20:54.451687,103,Makassar,Monitor 24 inch,2000000,1,2000000,Bank Transfer
ORD-1422,2025-06-29 18:20:54.451687,134,Bandung,Smartphone Flagship,12000000,1,12000000,Credit Card
ORD-1423,2025-05-15 18:20:54.451687,144,Surabaya,Mouse Wireless,150000,1,150000,E-Wallet
ORD-1424,2025-08-23 18:20:54.451687,116,Bandung,Monitor 24 inch,2000000,1,2000000,Bank Transfer
ORD-1425,2025-10-08 18:20:54.451687,126,Surabaya,Headset Bluetooth,350000,2,700000,E-Wallet
ORD-1426,2025-02-12 18:20:54.451687,101,Surabaya,Mouse Wireless,150000,1,150000,Bank Transfer
ORD-1427,2025-01-27 18:20:54.451687,128,Medan,Monitor 24 inch,2000000,1,2000000,Bank Transfer
ORD-1428,2025-11-11 18:20:54.451687,110,Medan,Keyboard Mechanical,500000,3,1500000,E-Wallet
ORD-1429,2024-12-22 18:20:54.451687,146,Medan,Smartphone Mid-range,4000000,2,8000000,Bank Transfer
ORD-1430,2025-06-09 18:20:54.451687,123,Jakarta,Smartphone Mid-range,4000000,2,8000000,Credit Card
ORD-1431,2024-12-25 18:20:54.451687,121,Surabaya,Headset Bluetooth,350000,2,700000,Credit Card
ORD-1432,2025-05-23 18:20:54.451687,108,Jakarta,Smartphone Flagship,12000000,3,36000000,E-Wallet
ORD-1433,2025-03-28 18:20:54.451687,137,Jakarta,Headset Bluetooth,350000,3,1050000,E-Wallet
ORD-1434,2025-06-15 18:20:54.451687,114,Jakarta,Smartphone Mid-range,4000000,3,12000000,Bank Transfer
ORD-1435,2025-05-13 18:20:54.451687,124,Jakarta,Laptop Gaming,15000000,2,30000000,E-Wallet
ORD-1436,2025-08-28 18:20:54.451687,130,Medan,Smartphone Mid-range,4000000,2,8000000,Bank Transfer
ORD-1437,2025-01-22 18:20:54.451687,136,Makassar,Smartphone Mid-range,4000000,2,8000000,Credit Card
ORD-1438,2025-03-21 18:20:54.451687,107,Jakarta,Laptop Office,8000000,3,24000000,Credit Card
ORD-1439,2025-07-28 18:20:54.451687,101,Bandung,Keyboard Mechanical,500000,2,1000000,Credit Card
ORD-1440,2025-09-10 18:20:54.451687,118,Jakarta,Laptop Office,8000000,2,16000000,COD
ORD-1441,2025-08-05 18:20:54.451687,137,Bandung,Laptop Gaming,15000000,3,45000000,E-Wallet
ORD-1442,2025-06-21 18:20:54.451687,108,Medan,Keyboard Mechanical,500000,1,500000,COD
ORD-1443,2025-09-07 18:20:54.451687,139,Surabaya,Laptop Office,8000000,1,8000000,Credit Card
ORD-1444,2025-10-09 18:20:54.451687,119,Makassar,Smartphone Flagship,12000000,3,36000000,E-Wallet
ORD-1445,2025-03-03 18:20:54.451687,133,Makassar,Smartphone Flagship,12000000,1,12000000,Bank Transfer
ORD-1446,2025-04-18 18:20:54.451687,117,Surabaya,Headset Bluetooth,350000,1,350000,E-Wallet
ORD-1447,2025-04-19 18:20:54.451687,112,Bandung,Keyboard Mechanical,500000,3,1500000,COD
ORD-1448,2025-10-02 18:20:54.451687,138,Medan,Monitor 24 inch,2000000,3,6000000,E-Wallet
ORD-1449,2025-03-11 18:20:54.451687,110,Surabaya,Mouse Wireless,150000,3,450000,Credit Card
ORD-1450,2025-04-03 18:20:54.451687,120,Medan,Monitor 24 inch,2000000,2,4000000,Credit Card
ORD-1451,2025-07-26 18:20:54.451687,137,Surabaya,Monitor 24 inch,2000000,3,6000000,Bank Transfer
ORD-1452,2025-11-07 18:20:54.451687,149,Surabaya,Smartphone Flagship,12000000,2,24000000,E-Wallet
ORD-1453,2025-03-10 18:20:54.451687,138,Bandung,Smartphone Flagship,12000000,2,24000000,E-Wallet
ORD-1454,2025-05-10 18:20:54.451687,128,Medan,Keyboard Mechanical,500000,1,500000,E-Wallet
ORD-1455,2025-06-15 18:20:54.451687,132,Bandung,Laptop Office,8000000,2,16000000,E-Wallet
ORD-1456,2025-10-26 18:20:54.451687,128,Surabaya,Smartphone Mid-range,4000000,3,12000000,E-Wallet
ORD-1457,2025-04-29 18:20:54.451687,132,Bandung,Keyboard Mechanical,500000,2,1000000,Credit Card
ORD-1458,2025-10-01 18:20:54.451687,103,Makassar,Smartphone Flagship,12000000,2,24000000,E-Wallet
ORD-1459,2025-05-17 18:20:54.451687,101,Jakarta,Keyboard Mechanical,500000,1,500000,E-Wallet
ORD-1460,2025-12-10 18:20:54.451687,142,Jakarta,Smartphone Flagship,12000000,2,24000000,Credit Card
ORD-1461,2025-05-26 18:20:54.451687,117,Bandung,Smartphone Mid-range,4000000,2,8000000,COD
ORD-1462,2025-11-17 18:20:54.451687,148,Medan,Laptop Office,8000000,1,8000000,COD
ORD-1463,2025-02-06 18:20:54.451687,127,Surabaya,Smartphone Flagship,12000000,1,12000000,Bank Transfer
ORD-1464,2025-06-17 18:20:54.451687,109,Jakarta,Smartphone Mid-range,4000000,2,8000000,E-Wallet
ORD-1465,2025-06-14 18:20:54.451687,107,Surabaya,Headset Bluetooth,350000,2,700000,Bank Transfer
ORD-1466,2025-03-04 18:20:54.451687,113,Medan,Mouse Wireless,150000,2,300000,Credit Card
ORD-1467,2025-03-14 18:20:54.451687,138,Surabaya,Monitor 24 inch,2000000,1,2000000,E-Wallet
ORD-1468,2025-07-11 18:20:54.451687,147,Jakarta,Keyboard Mechanical,500000,1,500000,Credit Card
ORD-1469,2025-12-13 18:20:54.451687,141,Jakarta,Monitor 24 inch,2000000,2,4000000,Bank Transfer
ORD-1470,2025-04-10 18:20:54.451687,142,Medan,Smartphone Flagship,12000000,3,36000000,E-Wallet
ORD-1471,2025-07-21 18:20:54.451687,140,Jakarta,Smartphone Flagship,12000000,1,12000000,E-Wallet
ORD-1472,2025-06-01 18:20:54.451687,108,Surabaya,Mouse Wireless,150000,1,150000,E-Wallet
ORD-1473,2025-05-04 18:20:54.451687,123,Medan,Headset Bluetooth,350000,3,1050000,E-Wallet
ORD-1474,2025-01-30 18:20:54.451687,108,Medan,Mouse Wireless,150000,2,300000,Credit Card
ORD-1475,2025-01-21 18:20:54.451687,138,Makassar,Monitor 24 inch,2000000,2,4000000,Bank Transfer
ORD-1476,2025-11-15 18:20:54.451687,106,Medan,Smartphone Flagship,12000000,2,24000000,Bank Transfer
ORD-1477,2025-11-12 18:20:54.451687,111,Medan,Smartphone Flagship,12000000,3,36000000,COD
ORD-1478,2025-07-01 18:20:54.451687,140,Surabaya,Smartphone Flagship,12000000,1,12000000,COD
ORD-1479,2025-03-29 18:20:54.451687,150,Jakarta,Mouse Wireless,150000,3,450000,Credit Card
ORD-1480,2025-09-02 18:20:54.451687,143,Makassar,Mouse Wireless,150000,2,300000,COD
ORD-1481,2025-09-29 18:20:54.451687,133,Bandung,Laptop Gaming,15000000,3,45000000,E-Wallet
ORD-1482,2025-01-18 18:20:54.451687,129,Jakarta,Smartphone Flagship,12000000,1,12000000,E-Wallet
ORD-1483,2025-02-11 18:20:54.451687,143,Bandung,Laptop Office,8000000,1,8000000,COD
ORD-1484,2025-04-20 18:20:54.451687,105,Medan,Smartphone Mid-range,4000000,3,12000000,E-Wallet
ORD-1485,2025-05-29 18:20:54.451687,128,Surabaya,Laptop Gaming,15000000,2,30000000,Credit Card
ORD-1486,2025-01-21 18:20:54.451687,120,Surabaya,Laptop Office,8000000,1,8000000,Bank Transfer
ORD-1487,2025-01-19 18:20:54.451687,143,Jakarta,Laptop Office,8000000,1,8000000,COD
ORD-1488,2025-11-04 18:20:54.451687,117,Jakarta,Headset Bluetooth,350000,2,700000,Bank Transfer
ORD-1489,2025-01-11 18:20:54.451687,105,Makassar,Headset Bluetooth,350000,3,1050000,Bank Transfer
ORD-1490,2025-11-17 18:20:54.451687,135,Medan,Smartphone Flagship,12000000,2,24000000,Bank Transfer
ORD-1491,2025-04-12 18:20:54.451687,150,Medan,Mouse Wireless,150000,1,150000,COD
ORD-1492,2025-06-15 18:20:54.451687,134,Bandung,Smartphone Flagship,12000000,2,24000000,E-Wallet
ORD-1493,2024-12-24 18:20:54.451687,127,Makassar,Laptop Office,8000000,1,8000000,Bank Transfer
ORD-1494,2025-03-31 18:20:54.451687,106,Surabaya,Smartphone Flagship,12000000,2,24000000,COD
ORD-1495,2025-01-10 18:20:54.451687,111,Jakarta,Laptop Office,8000000,3,24000000,Credit Card
ORD-1496,2025-04-09 18:20:54.451687,111,Medan,Headset Bluetooth,350000,3,1050000,Credit Card
ORD-1497,2025-02-09 18:20:54.451687,113,Bandung,Headset Bluetooth,350000,2,700000,Bank Transfer
ORD-1498,2025-08-25 18:20:54.451687,131,Jakarta,Smartphone Mid-range,4000000,2,8000000,Bank Transfer
ORD-1499,2025-12-15 18:20:54.451687,137,Medan,Keyboard Mechanical,500000,1,500000,E-Wallet
ORD-1500,2025-10-02 18:20:54.451687,128,Surabaya,Monitor 24 inch,2000000,3,6000000,E-Wallet
ORD-1501,2025-04-17 18:20:54.451687,113,Jakarta,Keyboard Mechanical,500000,1,500000,Credit Card
ORD-1502,2025-11-08 18:20:54.451687,143,Jakarta,Keyboard Mechanical,500000,1,500000,E-Wallet
ORD-1503,2025-03-30 18:20:54.451687,118,Makassar,Laptop Gaming,15000000,2,30000000,Bank Transfer
ORD-1504,2025-03-23 18:20:54.451687,116,Medan,Smartphone Mid-range,4000000,3,12000000,Bank Transfer
ORD-1505,2025-11-27 18:20:54.451687,113,Medan,Laptop Office,8000000,3,24000000,Bank Transfer
ORD-1506,2025-01-02 18:20:54.451687,130,Surabaya,Laptop Office,8000000,3,24000000,COD
ORD-1507,2025-09-15 18:20:54.451687,124,Medan,Laptop Office,8000000,2,16000000,COD
ORD-1508,2025-08-23 18:20:54.451687,118,Bandung,Mouse Wireless,150000,1,150000,Credit Card
ORD-1509,2025-03-28 18:20:54.451687,124,Jakarta,Keyboard Mechanical,500000,1,500000,E-Wallet
ORD-1510,2025-11-03 18:20:54.451687,109,Makassar,Mouse Wireless,150000,3,450000,Bank Transfer
ORD-1511,2025-12-16 18:20:54.451687,119,Makassar,Smartphone Flagship,12000000,3,36000000,E-Wallet
ORD-1512,2025-12-18 18:20:54.451687,149,Medan,Laptop Gaming,15000000,3,45000000,Bank Transfer
ORD-1513,2025-05-10 18:20:54.451687,127,Makassar,Headset Bluetooth,350000,3,1050000,Bank Transfer
ORD-1514,2025-09-21 18:20:54.451687,133,Surabaya,Laptop Office,8000000,3,24000000,Bank Transfer
ORD-1515,2025-03-29 18:20:54.451687,128,Makassar,Smartphone Mid-range,4000000,1,4000000,E-Wallet
ORD-1516,2025-02-11 18:20:54.451687,104,Jakarta,Headset Bluetooth,350000,1,350000,Bank Transfer
ORD-1517,2025-05-20 18:20:54.451687,148,Jakarta,Laptop Gaming,15000000,3,45000000,E-Wallet
ORD-1518,2025-09-20 18:20:54.451687,143,Medan,Keyboard Mechanical,500000,1,500000,E-Wallet
ORD-1519,2025-04-23 18:20:54.451687,124,Medan,Laptop Office,8000000,2,16000000,Bank Transfer
ORD-1520,2025-10-29 18:20:54.451687,119,Makassar,Smartphone Mid-range,4000000,3,12000000,Bank Transfer
ORD-1521,2025-05-09 18:20:54.451687,128,Jakarta,Headset Bluetooth,350000,3,1050000,Bank Transfer
ORD-1522,2025-12-15 18:20:54.451687,138,Bandung,Smartphone Flagship,12000000,2,24000000,Bank Transfer
ORD-1523,2025-03-06 18:20:54.451687,149,Jakarta,Headset Bluetooth,350000,2,700000,COD
ORD-1524,2025-10-16 18:20:54.451687,120,Surabaya,Monitor 24 inch,2000000,3,6000000,E-Wallet
ORD-1525,2025-03-30 18:20:54.451687,141,Jakarta,Smartphone Mid-range,4000000,3,12000000,COD
ORD-1526,2025-05-21 18:20:54.451687,125,Surabaya,Laptop Office,8000000,3,24000000,Bank Transfer
ORD-1527,2025-08-25 18:20:54.451687,147,Makassar,Laptop Gaming,15000000,3,45000000,Credit Card
ORD-1528,2025-03-09 18:20:54.451687,108,Makassar,Mouse Wireless,150000,1,150000,Bank Transfer
ORD-1529,2025-03-29 18:20:54.451687,106,Medan,Mouse Wireless,150000,1,150000,Bank Transfer
ORD-1530,2025-05-13 18:20:54.451687,104,Jakarta,Mouse Wireless,150000,1,150000,Credit Card
ORD-1531,2025-04-30 18:20:54.451687,130,Jakarta,Monitor 24 inch,2000000,3,6000000,Credit Card
ORD-1532,2025-10-10 18:20:54.451687,132,Medan,Keyboard Mechanical,500000,2,1000000,COD
ORD-1533,2025-02-24 18:20:54.451687,105,Jakarta,Laptop Gaming,15000000,2,30000000,Bank Transfer
ORD-1534,2025-07-17 18:20:54.451687,106,Surabaya,Keyboard Mechanical,500000,1,500000,Credit Card
ORD-1535,2025-08-07 18:20:54.451687,105,Makassar,Mouse Wireless,150000,1,150000,Bank Transfer
ORD-1536,2025-10-30 18:20:54.451687,149,Medan,Headset Bluetooth,350000,1,350000,E-Wallet
ORD-1537,2025-05-10 18:20:54.451687,122,Surabaya,Smartphone Mid-range,4000000,1,4000000,E-Wallet
ORD-1538,2025-03-05 18:20:54.451687,142,Jakarta,Monitor 24 inch,2000000,3,6000000,E-Wallet
ORD-1539,2025-03-25 18:20:54.451687,105,Jakarta,Mouse Wireless,150000,1,150000,COD
ORD-1540,2025-02-06 18:20:54.451687,101,Jakarta,Keyboard Mechanical,500000,3,1500000,COD
ORD-1541,2025-09-27 18:20:54.451687,149,Medan,Keyboard Mechanical,500000,2,1000000,E-Wallet
ORD-1542,2025-04-26 18:20:54.451687,124,Bandung,Smartphone Mid-range,4000000,2,8000000,Credit Card
ORD-1543,2025-10-22 18:20:54.451687,131,Surabaya,Smartphone Flagship,12000000,1,12000000,COD
ORD-1544,2025-06-20 18:20:54.451687,117,Bandung,Laptop Office,8000000,3,24000000,E-Wallet
ORD-1545,2025-09-07 18:20:54.451687,125,Makassar,Mouse Wireless,150000,1,150000,E-Wallet
ORD-1546,2025-11-03 18:20:54.451687,103,Medan,Headset Bluetooth,350000,3,1050000,Credit Card
ORD-1547,2025-12-04 18:20:54.451687,132,Makassar,Monitor 24 inch,2000000,1,2000000,COD
ORD-1548,2025-04-06 18:20:54.451687,107,Makassar,Laptop Gaming,15000000,1,15000000,Bank Transfer
ORD-1549,2025-05-29 18:20:54.451687,139,Makassar,Laptop Office,8000000,3,24000000,Bank Transfer
ORD-1550,2025-03-10 18:20:54.451687,119,Surabaya,Monitor 24 inch,2000000,2,4000000,Credit Card
ORD-1551,2025-05-12 18:20:54.451687,127,Makassar,Laptop Gaming,15000000,2,30000000,E-Wallet
ORD-1552,2025-11-08 18:20:54.451687,139,Makassar,Headset Bluetooth,350000,2,700000,COD
ORD-1553,2025-02-13 18:20:54.451687,146,Bandung,Monitor 24 inch,2000000,2,4000000,COD
ORD-1554,2025-07-01 18:20:54.451687,137,Bandung,Laptop Office,8000000,3,24000000,E-Wallet
ORD-1555,2025-10-03 18:20:54.451687,113,Jakarta,Laptop Gaming,15000000,2,30000000,Credit Card
ORD-1556,2025-01-26 18:20:54.451687,137,Jakarta,Laptop Office,8000000,3,24000000,Bank Transfer
ORD-1557,2025-07-19 18:20:54.451687,115,Medan,Monitor 24 inch,2000000,1,2000000,E-Wallet
ORD-1558,2025-09-08 18:20:54.451687,135,Bandung,Laptop Office,8000000,1,8000000,COD
ORD-1559,2025-11-09 18:20:54.451687,149,Medan,Mouse Wireless,150000,3,450000,COD
ORD-1560,2025-10-20 18:20:54.451687,124,Makassar,Smartphone Mid-range,4000000,3,12000000,E-Wallet
ORD-1561,2025-03-21 18:20:54.451687,108,Makassar,Smartphone Flagship,12000000,3,36000000,E-Wallet
ORD-1562,2025-10-03 18:20:54.451687,141,Medan,Monitor 24 inch,2000000,3,6000000,Bank Transfer
ORD-1563,2025-04-30 18:20:54.451687,101,Makassar,Headset Bluetooth,350000,2,700000,E-Wallet
ORD-1564,2025-05-26 18:20:54.451687,132,Makassar,Headset Bluetooth,350000,3,1050000,Credit Card
ORD-1565,2025-12-19 18:20:54.451687,110,Jakarta,Laptop Office,8000000,1,8000000,COD
ORD-1566,2025-03-07 18:20:54.451687,127,Bandung,Monitor 24 inch,2000000,3,6000000,COD
ORD-1567,2025-10-28 18:20:54.451687,138,Surabaya,Smartphone Flagship,12000000,1,12000000,E-Wallet
ORD-1568,2025-09-22 18:20:54.451687,146,Makassar,Laptop Gaming,15000000,3,45000000,Bank Transfer
ORD-1569,2025-01-29 18:20:54.451687,108,Jakarta,Monitor 24 inch,2000000,2,4000000,COD
ORD-1570,2025-03-18 18:20:54.451687,145,Makassar,Smartphone Mid-range,4000000,3,12000000,Bank Transfer
ORD-1571,2025-03-06 18:20:54.451687,149,Medan,Smartphone Mid-range,4000000,3,12000000,Bank Transfer
ORD-1572,2025-07-28 18:20:54.451687,103,Makassar,Laptop Office,8000000,3,24000000,COD
ORD-1573,2025-06-23 18:20:54.451687,147,Bandung,Laptop Office,8000000,1,8000000,Credit Card
ORD-1574,2025-04-27 18:20:54.451687,113,Medan,Laptop Gaming,15000000,1,15000000,E-Wallet
ORD-1575,2025-12-19 18:20:54.451687,123,Jakarta,Monitor 24 inch,2000000,2,4000000,COD
ORD-1576,2025-09-26 18:20:54.451687,103,Jakarta,Keyboard Mechanical,500000,1,500000,Credit Card
ORD-1577,2025-08-30 18:20:54.451687,108,Medan,Smartphone Flagship,12000000,3,36000000,COD
ORD-1578,2025-09-08 18:20:54.451687,131,Surabaya,Smartphone Flagship,12000000,1,12000000,Credit Card
ORD-1579,2025-02-20 18:20:54.451687,147,Surabaya,Smartphone Flagship,12000000,1,12000000,Credit Card
ORD-1580,2024-12-21 18:20:54.451687,101,Medan,Smartphone Flagship,12000000,2,24000000,Credit Card
ORD-1581,2025-06-09 18:20:54.451687,141,Surabaya,Smartphone Flagship,12000000,2,24000000,COD
ORD-1582,2025-04-25 18:20:54.451687,107,Surabaya,Monitor 24 inch,2000000,2,4000000,Credit Card
ORD-1583,2025-12-04 18:20:54.451687,105,Medan,Smartphone Mid-range,4000000,1,4000000,E-Wallet
ORD-1584,2025-04-23 18:20:54.451687,145,Surabaya,Mouse Wireless,150000,3,450000,COD
ORD-1585,2025-02-24 18:20:54.451687,119,Makassar,Headset Bluetooth,350000,1,350000,Bank Transfer
ORD-1586,2025-05-19 18:20:54.451687,150,Surabaya,Keyboard Mechanical,500000,3,1500000,Bank Transfer
ORD-1587,2024-12-30 18:20:54.451687,148,Makassar,Headset Bluetooth,350000,1,350000,COD
ORD-1588,2025-02-14 18:20:54.451687,110,Makassar,Monitor 24 inch,2000000,2,4000000,E-Wallet
ORD-1589,2025-07-16 18:20:54.451687,150,Bandung,Laptop Gaming,15000000,2,30000000,E-Wallet
ORD-1590,2025-11-05 18:20:54.451687,125,Surabaya,Laptop Office,8000000,1,8000000,Bank Transfer
ORD-1591,2024-12-30 18:20:54.451687,103,Surabaya,Smartphone Flagship,12000000,3,36000000,Bank Transfer
ORD-1592,2025-07-15 18:20:54.451687,146,Bandung,Laptop Gaming,15000000,1,15000000,Bank Transfer
ORD-1593,2025-08-20 18:20:54.451687,130,Makassar,Smartphone Flagship,12000000,2,24000000,E-Wallet
ORD-1594,2025-11-20 18:20:54.451687,127,Surabaya,Smartphone Mid-range,4000000,2,8000000,COD
ORD-1595,2025-03-25 18:20:54.451687,145,Medan,Mouse Wireless,150000,2,300000,COD
ORD-1596,2025-03-03 18:20:54.451687,138,Bandung,Laptop Gaming,15000000,2,30000000,Credit Card
ORD-1597,2025-08-12 18:20:54.451687,117,Medan,Laptop Gaming,15000000,3,45000000,Credit Card
ORD-1598,2025-11-29 18:20:54.451687,121,Jakarta,Smartphone Mid-range,4000000,3,12000000,Bank Transfer
ORD-1599,2025-09-28 18:20:54.451687,124,Makassar,Keyboard Mechanical,500000,2,1000000,Bank Transfer
ORD-1600,2025-02-21 18:20:54.451687,121,Jakarta,Mouse Wireless,150000,2,300000,Credit Card
ORD-1601,2025-07-21 18:20:54.451687,148,Jakarta,Mouse Wireless,150000,2,300000,Credit Card
ORD-1602,2025-02-25 18:20:54.451687,131,Makassar,Smartphone Flagship,12000000,1,12000000,COD
ORD-1603,2025-12-17 18:20:54.451687,149,Bandung,Monitor 24 inch,2000000,2,4000000,E-Wallet
ORD-1604,2025-06-11 18:20:54.451687,101,Makassar,Laptop Gaming,15000000,2,30000000,E-Wallet
ORD-1605,2025-05-18 18:20:54.451687,130,Makassar,Smartphone Flagship,12000000,1,12000000,Bank Transfer
ORD-1606,2025-10-05 18:20:54.451687,149,Jakarta,Monitor 24 inch,2000000,2,4000000,COD
ORD-1607,2025-02-16 18:20:54.451687,101,Medan,Laptop Gaming,15000000,2,30000000,COD
ORD-1608,2025-05-31 18:20:54.451687,111,Surabaya,Monitor 24 inch,2000000,2,4000000,Credit Card
ORD-1609,2025-01-30 18:20:54.451687,149,Makassar,Keyboard Mechanical,500000,3,1500000,Credit Card
ORD-1610,2025-06-08 18:20:54.451687,124,Makassar,Laptop Gaming,15000000,1,15000000,Bank Transfer
ORD-1611,2025-06-03 18:20:54.451687,120,Surabaya,Smartphone Flagship,12000000,1,12000000,Bank Transfer
ORD-1612,2025-01-01 18:20:54.451687,102,Jakarta,Headset Bluetooth,350000,2,700000,Credit Card
ORD-1613,2025-02-25 18:20:54.451687,109,Bandung,Headset Bluetooth,350000,1,350000,COD
ORD-1614,2025-06-09 18:20:54.451687,110,Makassar,Keyboard Mechanical,500000,1,500000,Credit Card
ORD-1615,2025-09-09 18:20:54.451687,143,Medan,Mouse Wireless,150000,1,150000,Bank Transfer
ORD-1616,2025-04-27 18:20:54.451687,135,Medan,Laptop Gaming,15000000,1,15000000,COD
ORD-1617,2025-09-28 18:20:54.451687,114,Jakarta,Laptop Gaming,15000000,2,30000000,Credit Card
ORD-1618,2025-07-29 18:20:54.451687,124,Surabaya,Smartphone Flagship,12000000,3,36000000,Bank Transfer
ORD-1619,2025-08-30 18:20:54.451687,150,Medan,Smartphone Flagship,12000000,1,12000000,COD
ORD-1620,2025-03-10 18:20:54.451687,101,Medan,Laptop Office,8000000,2,16000000,Bank Transfer
ORD-1621,2025-12-01 18:20:54.451687,106,Bandung,Keyboard Mechanical,500000,3,1500000,Credit Card
ORD-1622,2025-08-27 18:20:54.451687,121,Medan,Smartphone Flagship,12000000,3,36000000,Credit Card
ORD-1623,2025-09-15 18:20:54.451687,131,Bandung,Smartphone Flagship,12000000,2,24000000,E-Wallet
ORD-1624,2025-05-05 18:20:54.451687,101,Surabaya,Smartphone Flagship,12000000,2,24000000,COD
ORD-1625,2025-08-08 18:20:54.451687,134,Bandung,Laptop Office,8000000,3,24000000,Bank Transfer
ORD-1626,2025-07-31 18:20:54.451687,120,Jakarta,Smartphone Flagship,12000000,1,12000000,Credit Card
ORD-1627,2025-09-08 18:20:54.451687,146,Bandung,Mouse Wireless,150000,2,300000,Credit Card
ORD-1628,2025-11-01 18:20:54.451687,109,Jakarta,Monitor 24 inch,2000000,2,4000000,Bank Transfer
ORD-1629,2025-10-28 18:20:54.451687,108,Jakarta,Keyboard Mechanical,500000,2,1000000,Bank Transfer
ORD-1630,2025-08-24 18:20:54.451687,105,Bandung,Laptop Office,8000000,3,24000000,COD
ORD-1631,2025-10-09 18:20:54.451687,126,Surabaya,Mouse Wireless,150000,2,300000,Credit Card
ORD-1632,2024-12-26 18:20:54.451687,136,Surabaya,Laptop Office,8000000,2,16000000,COD
ORD-1633,2025-07-02 18:20:54.451687,147,Jakarta,Laptop Gaming,15000000,2,30000000,E-Wallet
ORD-1634,2025-07-24 18:20:54.451687,144,Makassar,Mouse Wireless,150000,3,450000,Credit Card
ORD-1635,2025-05-12 18:20:54.451687,107,Surabaya,Smartphone Flagship,12000000,3,36000000,E-Wallet
ORD-1636,2025-04-30 18:20:54.451687,139,Jakarta,Headset Bluetooth,350000,1,350000,COD
ORD-1637,2025-01-31 18:20:54.451687,120,Medan,Monitor 24 inch,2000000,3,6000000,COD
ORD-1638,2025-04-29 18:20:54.451687,106,Medan,Smartphone Mid-range,4000000,1,4000000,Credit Card
ORD-1639,2025-09-25 18:20:54.451687,120,Surabaya,Headset Bluetooth,350000,3,1050000,COD
ORD-1640,2025-02-05 18:20:54.451687,136,Medan,Smartphone Flagship,12000000,2,24000000,Credit Card
ORD-1641,2025-09-11 18:20:54.451687,116,Jakarta,Laptop Office,8000000,3,24000000,E-Wallet
ORD-1642,2025-09-12 18:20:54.451687,137,Makassar,Keyboard Mechanical,500000,3,1500000,COD
ORD-1643,2025-12-10 18:20:54.451687,145,Makassar,Laptop Gaming,15000000,3,45000000,Credit Card
ORD-1644,2025-08-31 18:20:54.451687,140,Bandung,Laptop Gaming,15000000,1,15000000,E-Wallet
ORD-1645,2025-03-14 18:20:54.451687,133,Surabaya,Headset Bluetooth,350000,3,1050000,Credit Card
ORD-1646,2025-04-02 18:20:54.451687,141,Bandung,Laptop Office,8000000,3,24000000,Credit Card
ORD-1647,2025-08-06 18:20:54.451687,141,Bandung,Laptop Office,8000000,2,16000000,E-Wallet
ORD-1648,2025-02-27 18:20:54.451687,144,Jakarta,Monitor 24 inch,2000000,1,2000000,E-Wallet
ORD-1649,2025-08-25 18:20:54.451687,137,Medan,Smartphone Flagship,12000000,2,24000000,Credit Card
ORD-1650,2025-03-19 18:20:54.451687,119,Medan,Keyboard Mechanical,500000,2,1000000,COD
ORD-1651,2025-03-23 18:20:54.451687,121,Surabaya,Mouse Wireless,150000,3,450000,Credit Card
ORD-1652,2025-07-03 18:20:54.451687,120,Jakarta,Keyboard Mechanical,500000,1,500000,Bank Transfer
ORD-1653,2025-10-01 18:20:54.451687,108,Makassar,Headset Bluetooth,350000,3,1050000,Bank Transfer
ORD-1654,2025-04-22 18:20:54.451687,150,Surabaya,Laptop Office,8000000,3,24000000,Bank Transfer
ORD-1655,2025-04-01 18:20:54.451687,121,Makassar,Smartphone Mid-range,4000000,1,4000000,Bank Transfer
ORD-1656,2025-01-14 18:20:54.451687,146,Makassar,Mouse Wireless,150000,3,450000,Credit Card
ORD-1657,2025-04-24 18:20:54.451687,123,Makassar,Monitor 24 inch,2000000,1,2000000,E-Wallet
ORD-1658,2025-04-19 18:20:54.451687,117,Makassar,Smartphone Mid-range,4000000,3,12000000,Credit Card
ORD-1659,2025-04-28 18:20:54.451687,140,Surabaya,Smartphone Flagship,12000000,1,12000000,Credit Card
ORD-1660,2025-08-16 18:20:54.451687,103,Bandung,Laptop Office,8000000,3,24000000,Bank Transfer
ORD-1661,2025-08-22 18:20:54.451687,136,Surabaya,Laptop Office,8000000,3,24000000,COD
ORD-1662,2025-05-10 18:20:54.451687,102,Makassar,Laptop Gaming,15000000,3,45000000,Credit Card
ORD-1663,2025-12-13 18:20:54.451687,135,Jakarta,Laptop Office,8000000,1,8000000,COD
ORD-1664,2025-09-20 18:20:54.451687,102,Jakarta,Laptop Office,8000000,3,24000000,Credit Card
ORD-1665,2025-02-22 18:20:54.451687,120,Surabaya,Laptop Gaming,15000000,3,45000000,Bank Transfer
ORD-1666,2025-01-24 18:20:54.451687,107,Bandung,Monitor 24 inch,2000000,3,6000000,COD
ORD-1667,2025-03-25 18:20:54.451687,118,Makassar,Laptop Gaming,15000000,2,30000000,COD
ORD-1668,2025-03-04 18:20:54.451687,108,Medan,Laptop Office,8000000,1,8000000,COD
ORD-1669,2025-08-13 18:20:54.451687,136,Bandung,Keyboard Mechanical,500000,2,1000000,Bank Transfer
ORD-1670,2025-04-08 18:20:54.451687,145,Makassar,Laptop Gaming,15000000,3,45000000,Credit Card
ORD-1671,2025-04-15 18:20:54.451687,146,Medan,Laptop Gaming,15000000,1,15000000,COD
ORD-1672,2025-02-24 18:20:54.451687,150,Bandung,Laptop Office,8000000,2,16000000,Bank Transfer
ORD-1673,2025-01-22 18:20:54.451687,129,Jakarta,Headset Bluetooth,350000,3,1050000,Credit Card
ORD-1674,2025-01-30 18:20:54.451687,127,Medan,Laptop Gaming,15000000,1,15000000,E-Wallet
ORD-1675,2025-10-24 18:20:54.451687,104,Makassar,Mouse Wireless,150000,1,150000,E-Wallet
ORD-1676,2025-02-28 18:20:54.451687,118,Makassar,Headset Bluetooth,350000,2,700000,E-Wallet
ORD-1677,2025-07-24 18:20:54.451687,121,Jakarta,Monitor 24 inch,2000000,3,6000000,Credit Card
ORD-1678,2025-11-05 18:20:54.451687,131,Surabaya,Monitor 24 inch,2000000,3,6000000,COD
ORD-1679,2025-10-08 18:20:54.451687,115,Bandung,Keyboard Mechanical,500000,3,1500000,Credit Card
ORD-1680,2025-07-20 18:20:54.451687,103,Bandung,Smartphone Mid-range,4000000,2,8000000,Credit Card
ORD-1681,2025-12-04 18:20:54.451687,134,Jakarta,Mouse Wireless,150000,3,450000,COD
ORD-1682,2025-09-23 18:20:54.451687,116,Jakarta,Monitor 24 inch,2000000,1,2000000,Credit Card
ORD-1683,2025-07-17 18:20:54.451687,119,Medan,Mouse Wireless,150000,1,150000,Bank Transfer
ORD-1684,2025-08-08 18:20:54.451687,137,Medan,Monitor 24 inch,2000000,3,6000000,COD
ORD-1685,2025-02-15 18:20:54.451687,113,Jakarta,Monitor 24 inch,2000000,2,4000000,COD
ORD-1686,2025-08-31 18:20:54.451687,130,Jakarta,Smartphone Flagship,12000000,3,36000000,Credit Card
ORD-1687,2025-10-27 18:20:54.451687,149,Medan,Smartphone Mid-range,4000000,3,12000000,COD
ORD-1688,2025-02-28 18:20:54.451687,139,Medan,Laptop Office,8000000,2,16000000,Bank Transfer
ORD-1689,2025-06-10 18:20:54.451687,103,Makassar,Laptop Gaming,15000000,3,45000000,Bank Transfer
ORD-1690,2024-12-23 18:20:54.451687,136,Surabaya,Laptop Office,8000000,3,24000000,Credit Card
ORD-1691,2025-08-19 18:20:54.451687,150,Medan,Smartphone Mid-range,4000000,2,8000000,COD
ORD-1692,2025-12-12 18:20:54.451687,123,Surabaya,Laptop Gaming,15000000,3,45000000,E-Wallet
ORD-1693,2025-02-14 18:20:54.451687,133,Bandung,Smartphone Mid-range,4000000,3,12000000,COD
ORD-1694,2025-10-02 18:20:54.451687,105,Medan,Mouse Wireless,150000,2,300000,COD
ORD-1695,2025-04-16 18:20:54.451687,109,Jakarta,Headset Bluetooth,350000,3,1050000,E-Wallet
ORD-1696,2025-04-14 18:20:54.451687,148,Makassar,Smartphone Mid-range,4000000,2,8000000,E-Wallet
ORD-1697,2025-09-04 18:20:54.451687,149,Bandung,Headset Bluetooth,350000,1,350000,Credit Card
ORD-1698,2025-01-14 18:20:54.451687,143,Bandung,Headset Bluetooth,350000,1,350000,COD
ORD-1699,2025-11-06 18:20:54.451687,148,Makassar,Smartphone Mid-range,4000000,3,12000000,Credit Card
ORD-1700,2025-11-01 18:20:54.451687,136,Medan,Monitor 24 inch,2000000,1,2000000,Credit Card
ORD-1701,2025-03-18 18:20:54.451687,142,Makassar,Smartphone Flagship,12000000,1,12000000,Credit Card
ORD-1702,2025-01-06 18:20:54.451687,109,Bandung,Mouse Wireless,150000,2,300000,Bank Transfer
ORD-1703,2025-10-29 18:20:54.451687,108,Makassar,Headset Bluetooth,350000,3,1050000,COD
ORD-1704,2025-07-31 18:20:54.451687,145,Medan,Laptop Gaming,15000000,1,15000000,Credit Card
ORD-1705,2025-07-14 18:20:54.451687,101,Makassar,Laptop Office,8000000,2,16000000,Credit Card
ORD-1706,2025-04-26 18:20:54.451687,141,Bandung,Monitor 24 inch,2000000,3,6000000,E-Wallet
ORD-1707,2025-11-07 18:20:54.451687,120,Makassar,Laptop Office,8000000,2,16000000,Credit Card
ORD-1708,2025-05-24 18:20:54.451687,146,Jakarta,Monitor 24 inch,2000000,3,6000000,E-Wallet
ORD-1709,2025-06-27 18:20:54.451687,103,Bandung,Monitor 24 inch,2000000,2,4000000,Bank Transfer
ORD-1710,2025-03-22 18:20:54.451687,142,Jakarta,Smartphone Flagship,12000000,1,12000000,Bank Transfer
ORD-1711,2025-01-29 18:20:54.451687,130,Surabaya,Laptop Office,8000000,2,16000000,COD
ORD-1712,2025-08-12 18:20:54.451687,101,Bandung,Headset Bluetooth,350000,1,350000,E-Wallet
ORD-1713,2025-11-21 18:20:54.451687,110,Makassar,Laptop Office,8000000,1,8000000,E-Wallet
ORD-1714,2025-10-28 18:20:54.451687,146,Medan,Laptop Gaming,15000000,3,45000000,Credit Card
ORD-1715,2025-06-30 18:20:54.451687,124,Surabaya,Laptop Office,8000000,2,16000000,Credit Card
ORD-1716,2025-04-12 18:20:54.451687,113,Bandung,Smartphone Flagship,12000000,1,12000000,Bank Transfer
ORD-1717,2025-01-19 18:20:54.451687,128,Surabaya,Mouse Wireless,150000,1,150000,Credit Card
ORD-1718,2025-05-22 18:20:54.451687,150,Bandung,Headset Bluetooth,350000,2,700000,E-Wallet
ORD-1719,2025-09-13 18:20:54.451687,136,Surabaya,Keyboard Mechanical,500000,2,1000000,E-Wallet
ORD-1720,2025-05-06 18:20:54.451687,133,Bandung,Monitor 24 inch,2000000,1,2000000,Credit Card
ORD-1721,2025-10-25 18:20:54.451687,105,Makassar,Smartphone Mid-range,4000000,2,8000000,E-Wallet
ORD-1722,2025-02-19 18:20:54.451687,141,Jakarta,Smartphone Flagship,12000000,3,36000000,COD
ORD-1723,2025-08-10 18:20:54.451687,117,Surabaya,Headset Bluetooth,350000,1,350000,E-Wallet
ORD-1724,2025-03-11 18:20:54.451687,137,Bandung,Monitor 24 inch,2000000,2,4000000,Bank Transfer
ORD-1725,2025-06-19 18:20:54.451687,106,Medan,Smartphone Mid-range,4000000,3,12000000,COD
ORD-1726,2025-12-03 18:20:54.451687,138,Medan,Mouse Wireless,150000,2,300000,COD
ORD-1727,2025-05-20 18:20:54.451687,125,Medan,Mouse Wireless,150000,3,450000,COD
ORD-1728,2025-08-19 18:20:54.451687,124,Medan,Laptop Office,8000000,1,8000000,E-Wallet
ORD-1729,2025-05-19 18:20:54.451687,134,Makassar,Smartphone Flagship,12000000,3,36000000,Credit Card
ORD-1730,2024-12-24 18:20:54.451687,139,Surabaya,Keyboard Mechanical,500000,2,1000000,Credit Card
ORD-1731,2025-04-21 18:20:54.451687,116,Medan,Headset Bluetooth,350000,3,1050000,Bank Transfer
ORD-1732,2025-06-17 18:20:54.451687,111,Medan,Keyboard Mechanical,500000,2,1000000,Credit Card
ORD-1733,2025-01-17 18:20:54.451687,139,Makassar,Mouse Wireless,150000,3,450000,Bank Transfer
ORD-1734,2025-05-20 18:20:54.451687,122,Surabaya,Smartphone Flagship,12000000,1,12000000,Credit Card
ORD-1735,2025-02-04 18:20:54.451687,112,Jakarta,Keyboard Mechanical,500000,2,1000000,E-Wallet
ORD-1736,2025-09-21 18:20:54.451687,103,Surabaya,Mouse Wireless,150000,2,300000,Credit Card
ORD-1737,2025-08-22 18:20:54.451687,102,Surabaya,Mouse Wireless,150000,1,150000,Bank Transfer
ORD-1738,2025-11-12 18:20:54.451687,147,Surabaya,Monitor 24 inch,2000000,1,2000000,E-Wallet
ORD-1739,2025-06-20 18:20:54.451687,141,Jakarta,Mouse Wireless,150000,2,300000,Bank Transfer
ORD-1740,2025-01-17 18:20:54.451687,148,Surabaya,Smartphone Flagship,12000000,1,12000000,E-Wallet
ORD-1741,2025-08-16 18:20:54.451687,102,Medan,Monitor 24 inch,2000000,2,4000000,COD
ORD-1742,2025-01-11 18:20:54.451687,103,Makassar,Laptop Office,8000000,1,8000000,Credit Card
ORD-1743,2025-10-17 18:20:54.451687,120,Jakarta,Keyboard Mechanical,500000,2,1000000,E-Wallet
ORD-1744,2025-11-12 18:20:54.451687,122,Jakarta,Headset Bluetooth,350000,1,350000,Bank Transfer
ORD-1745,2025-06-13 18:20:54.451687,111,Jakarta,Keyboard Mechanical,500000,1,500000,E-Wallet
ORD-1746,2025-10-27 18:20:54.451687,124,Medan,Laptop Gaming,15000000,3,45000000,E-Wallet
ORD-1747,2024-12-31 18:20:54.451687,130,Bandung,Smartphone Flagship,12000000,1,12000000,COD
ORD-1748,2025-03-06 18:20:54.451687,108,Medan,Headset Bluetooth,350000,1,350000,Credit Card
ORD-1749,2025-09-04 18:20:54.451687,144,Medan,Monitor 24 inch,2000000,3,6000000,COD
ORD-1750,2025-09-05 18:20:54.451687,139,Jakarta,Laptop Gaming,15000000,1,15000000,Credit Card
ORD-1751,2025-06-11 18:20:54.451687,133,Medan,Monitor 24 inch,2000000,2,4000000,Bank Transfer
ORD-1752,2025-11-10 18:20:54.451687,116,Jakarta,Monitor 24 inch,2000000,2,4000000,COD
ORD-1753,2025-03-22 18:20:54.451687,139,Bandung,Headset Bluetooth,350000,3,1050000,Credit Card
ORD-1754,2025-06-30 18:20:54.451687,126,Surabaya,Laptop Gaming,15000000,1,15000000,COD
ORD-1755,2025-10-28 18:20:54.451687,140,Bandung,Smartphone Mid-range,4000000,3,12000000,Bank Transfer
ORD-1756,2025-09-13 18:20:54.451687,147,Surabaya,Mouse Wireless,150000,2,300000,Bank Transfer
ORD-1757,2025-09-23 18:20:54.451687,123,Medan,Headset Bluetooth,350000,1,350000,COD
ORD-1758,2025-04-19 18:20:54.451687,135,Makassar,Keyboard Mechanical,500000,1,500000,E-Wallet
ORD-1759,2025-11-30 18:20:54.451687,117,Bandung,Laptop Office,8000000,2,16000000,E-Wallet
ORD-1760,2025-07-19 18:20:54.451687,115,Jakarta,Keyboard Mechanical,500000,2,1000000,E-Wallet
ORD-1761,2025-03-11 18:20:54.451687,126,Makassar,Mouse Wireless,150000,2,300000,Bank Transfer
ORD-1762,2025-06-10 18:20:54.451687,112,Bandung,Smartphone Flagship,12000000,2,24000000,Bank Transfer
ORD-1763,2025-02-19 18:20:54.451687,129,Makassar,Keyboard Mechanical,500000,2,1000000,Credit Card
ORD-1764,2025-08-04 18:20:54.451687,106,Surabaya,Monitor 24 inch,2000000,1,2000000,COD
ORD-1765,2025-06-27 18:20:54.451687,105,Jakarta,Headset Bluetooth,350000,2,700000,Credit Card
ORD-1766,2025-09-10 18:20:54.451687,128,Bandung,Laptop Office,8000000,2,16000000,Credit Card
ORD-1767,2025-07-22 18:20:54.451687,121,Medan,Headset Bluetooth,350000,3,1050000,Credit Card
ORD-1768,2025-04-19 18:20:54.451687,145,Jakarta,Laptop Office,8000000,3,24000000,E-Wallet
ORD-1769,2025-04-30 18:20:54.451687,112,Makassar,Headset Bluetooth,350000,3,1050000,COD
ORD-1770,2025-04-15 18:20:54.451687,135,Medan,Laptop Gaming,15000000,2,30000000,Credit Card
ORD-1771,2025-11-20 18:20:54.451687,139,Makassar,Monitor 24 inch,2000000,2,4000000,COD
ORD-1772,2025-03-05 18:20:54.451687,132,Medan,Headset Bluetooth,350000,2,700000,COD
ORD-1773,2025-01-21 18:20:54.451687,142,Surabaya,Laptop Gaming,15000000,2,30000000,Bank Transfer
ORD-1774,2024-12-30 18:20:54.451687,132,Makassar,Keyboard Mechanical,500000,3,1500000,COD
ORD-1775,2025-05-29 18:20:54.451687,134,Medan,Mouse Wireless,150000,3,450000,E-Wallet
ORD-1776,2025-07-27 18:20:54.451687,110,Jakarta,Monitor 24 inch,2000000,3,6000000,E-Wallet
ORD-1777,2025-07-02 18:20:54.451687,124,Surabaya,Keyboard Mechanical,500000,1,500000,COD
ORD-1778,2025-11-13 18:20:54.451687,117,Bandung,Laptop Gaming,15000000,1,15000000,Bank Transfer
ORD-1779,2025-01-27 18:20:54.451687,123,Medan,Headset Bluetooth,350000,3,1050000,Credit Card
ORD-1780,2025-03-20 18:20:54.451687,108,Makassar,Monitor 24 inch,2000000,1,2000000,COD
ORD-1781,2025-09-25 18:20:54.451687,136,Surabaya,Smartphone Flagship,12000000,3,36000000,Bank Transfer
ORD-1782,2025-08-13 18:20:54.451687,109,Makassar,Monitor 24 inch,2000000,3,6000000,Bank Transfer
ORD-1783,2025-02-23 18:20:54.451687,136,Medan,Laptop Gaming,15000000,1,15000000,E-Wallet
ORD-1784,2025-03-26 18:20:54.451687,120,Makassar,Smartphone Mid-range,4000000,2,8000000,Bank Transfer
ORD-1785,2025-01-31 18:20:54.451687,142,Bandung,Smartphone Mid-range,4000000,1,4000000,Bank Transfer
ORD-1786,2025-02-06 18:20:54.451687,146,Surabaya,Laptop Gaming,15000000,2,30000000,COD
ORD-1787,2025-11-27 18:20:54.451687,103,Jakarta,Monitor 24 inch,2000000,3,6000000,COD
ORD-1788,2025-02-17 18:20:54.451687,111,Jakarta,Headset Bluetooth,350000,3,1050000,COD
ORD-1789,2025-11-22 18:20:54.451687,134,Jakarta,Smartphone Flagship,12000000,1,12000000,Bank Transfer
ORD-1790,2025-06-14 18:20:54.451687,141,Jakarta,Keyboard Mechanical,500000,1,500000,E-Wallet
ORD-1791,2025-01-27 18:20:54.451687,148,Jakarta,Mouse Wireless,150000,2,300000,Bank Transfer
ORD-1792,2025-09-29 18:20:54.451687,101,Medan,Laptop Office,8000000,1,8000000,Bank Transfer
ORD-1793,2025-09-18 18:20:54.451687,134,Bandung,Mouse Wireless,150000,3,450000,Bank Transfer
ORD-1794,2024-12-24 18:20:54.451687,124,Bandung,Smartphone Mid-range,4000000,1,4000000,Bank Transfer
ORD-1795,2025-03-09 18:20:54.451687,110,Surabaya,Keyboard Mechanical,500000,3,1500000,Credit Card
ORD-1796,2025-08-19 18:20:54.451687,143,Makassar,Keyboard Mechanical,500000,1,500000,Bank Transfer
ORD-1797,2024-12-26 18:20:54.451687,138,Medan,Laptop Office,8000000,2,16000000,COD
ORD-1798,2025-05-25 18:20:54.451687,141,Surabaya,Headset Bluetooth,350000,2,700000,COD
ORD-1799,2025-05-29 18:20:54.451687,145,Medan,Keyboard Mechanical,500000,2,1000000,COD
ORD-1800,2025-08-08 18:20:54.451687,124,Bandung,Mouse Wireless,150000,1,150000,E-Wallet
ORD-1801,2025-05-28 18:20:54.451687,101,Bandung,Laptop Office,8000000,2,16000000,Credit Card
ORD-1802,2025-01-05 18:20:54.451687,128,Jakarta,Headset Bluetooth,350000,2,700000,E-Wallet
ORD-1803,2025-07-01 18:20:54.451687,140,Surabaya,Keyboard Mechanical,500000,3,1500000,Bank Transfer
ORD-1804,2025-06-27 18:20:54.451687,135,Surabaya,Smartphone Flagship,12000000,1,12000000,Credit Card
ORD-1805,2025-05-03 18:20:54.451687,115,Surabaya,Smartphone Mid-range,4000000,2,8000000,E-Wallet
ORD-1806,2025-07-22 18:20:54.451687,108,Jakarta,Monitor 24 inch,2000000,3,6000000,COD
ORD-1807,2025-05-18 18:20:54.451687,111,Jakarta,Smartphone Flagship,12000000,3,36000000,Credit Card
ORD-1808,2025-11-08 18:20:54.451687,145,Surabaya,Laptop Office,8000000,3,24000000,Bank Transfer
ORD-1809,2025-08-26 18:20:54.451687,108,Bandung,Smartphone Mid-range,4000000,2,8000000,Bank Transfer
ORD-1810,2025-12-15 18:20:54.451687,106,Medan,Headset Bluetooth,350000,1,350000,COD
ORD-1811,2025-08-22 18:20:54.451687,127,Bandung,Laptop Gaming,15000000,2,30000000,Credit Card
ORD-1812,2025-03-20 18:20:54.451687,108,Jakarta,Laptop Office,8000000,1,8000000,COD
ORD-1813,2025-06-18 18:20:54.451687,104,Surabaya,Monitor 24 inch,2000000,1,2000000,Bank Transfer
ORD-1814,2025-04-01 18:20:54.451687,124,Medan,Monitor 24 inch,2000000,2,4000000,E-Wallet
ORD-1815,2025-02-18 18:20:54.451687,113,Jakarta,Keyboard Mechanical,500000,2,1000000,Credit Card
ORD-1816,2025-11-03 18:20:54.451687,145,Jakarta,Laptop Office,8000000,3,24000000,Bank Transfer
ORD-1817,2025-12-11 18:20:54.451687,132,Bandung,Keyboard Mechanical,500000,2,1000000,Bank Transfer
ORD-1818,2025-03-05 18:20:54.451687,124,Jakarta,Keyboard Mechanical,500000,1,500000,E-Wallet
ORD-1819,2025-08-14 18:20:54.451687,125,Surabaya,Smartphone Flagship,12000000,1,12000000,E-Wallet
ORD-1820,2025-07-15 18:20:54.451687,107,Makassar,Smartphone Mid-range,4000000,3,12000000,COD
ORD-1821,2025-05-23 18:20:54.451687,142,Bandung,Monitor 24 inch,2000000,2,4000000,Bank Transfer
ORD-1822,2025-02-05 18:20:54.451687,131,Medan,Mouse Wireless,150000,2,300000,Credit Card
ORD-1823,2025-10-19 18:20:54.451687,137,Makassar,Mouse Wireless,150000,3,450000,Credit Card
ORD-1824,2025-10-06 18:20:54.451687,128,Surabaya,Smartphone Flagship,12000000,1,12000000,Bank Transfer
ORD-1825,2025-08-15 18:20:54.451687,129,Makassar,Laptop Gaming,15000000,3,45000000,E-Wallet
ORD-1826,2025-02-06 18:20:54.451687,106,Makassar,Laptop Office,8000000,1,8000000,Credit Card
ORD-1827,2025-02-26 18:20:54.451687,117,Jakarta,Laptop Office,8000000,2,16000000,COD
ORD-1828,2025-11-13 18:20:54.451687,141,Medan,Mouse Wireless,150000,2,300000,E-Wallet
ORD-1829,2025-09-07 18:20:54.451687,118,Jakarta,Headset Bluetooth,350000,1,350000,E-Wallet
ORD-1830,2025-10-03 18:20:54.451687,109,Bandung,Keyboard Mechanical,500000,1,500000,Bank Transfer
ORD-1831,2025-10-14 18:20:54.451687,148,Makassar,Laptop Office,8000000,2,16000000,Bank Transfer
ORD-1832,2025-07-05 18:20:54.451687,131,Makassar,Laptop Gaming,15000000,1,15000000,Credit Card
ORD-1833,2025-01-17 18:20:54.451687,122,Makassar,Monitor 24 inch,2000000,3,6000000,Bank Transfer
ORD-1834,2025-03-16 18:20:54.451687,104,Makassar,Keyboard Mechanical,500000,3,1500000,E-Wallet
ORD-1835,2025-10-12 18:20:54.451687,144,Surabaya,Smartphone Mid-range,4000000,2,8000000,COD
ORD-1836,2025-05-09 18:20:54.451687,139,Jakarta,Laptop Office,8000000,2,16000000,COD
ORD-1837,2025-02-27 18:20:54.451687,110,Surabaya,Keyboard Mechanical,500000,3,1500000,Bank Transfer
ORD-1838,2025-03-12 18:20:54.451687,122,Surabaya,Headset Bluetooth,350000,2,700000,COD
ORD-1839,2025-07-13 18:20:54.451687,141,Jakarta,Mouse Wireless,150000,2,300000,E-Wallet
ORD-1840,2025-01-15 18:20:54.451687,129,Medan,Smartphone Flagship,12000000,1,12000000,Credit Card
ORD-1841,2025-01-29 18:20:54.451687,138,Bandung,Keyboard Mechanical,500000,1,500000,COD
ORD-1842,2025-11-17 18:20:54.451687,127,Surabaya,Smartphone Flagship,12000000,1,12000000,COD
ORD-1843,2025-09-28 18:20:54.451687,116,Jakarta,Headset Bluetooth,350000,3,1050000,COD
ORD-1844,2025-09-01 18:20:54.451687,127,Jakarta,Smartphone Mid-range,4000000,1,4000000,E-Wallet
ORD-1845,2024-12-25 18:20:54.451687,142,Medan,Mouse Wireless,150000,3,450000,Bank Transfer
ORD-1846,2025-08-17 18:20:54.451687,129,Medan,Headset Bluetooth,350000,3,1050000,COD
ORD-1847,2025-10-01 18:20:54.451687,136,Bandung,Smartphone Mid-range,4000000,1,4000000,COD
ORD-1848,2025-06-13 18:20:54.451687,102,Bandung,Headset Bluetooth,350000,2,700000,E-Wallet
ORD-1849,2025-10-31 18:20:54.451687,147,Jakarta,Mouse Wireless,150000,1,150000,COD
ORD-1850,2025-11-01 18:20:54.451687,108,Bandung,Smartphone Flagship,12000000,3,36000000,Bank Transfer
ORD-1851,2025-04-13 18:20:54.451687,115,Medan,Laptop Gaming,15000000,2,30000000,Bank Transfer
ORD-1852,2024-12-30 18:20:54.451687,108,Medan,Laptop Office,8000000,3,24000000,Bank Transfer
ORD-1853,2025-05-25 18:20:54.451687,121,Bandung,Smartphone Flagship,12000000,1,12000000,E-Wallet
ORD-1854,2025-02-19 18:20:54.451687,137,Medan,Smartphone Flagship,12000000,3,36000000,Credit Card
ORD-1855,2025-03-01 18:20:54.451687,126,Medan,Headset Bluetooth,350000,3,1050000,Credit Card
ORD-1856,2025-01-02 18:20:54.451687,121,Bandung,Headset Bluetooth,350000,1,350000,Credit Card
ORD-1857,2025-02-08 18:20:54.451687,136,Makassar,Headset Bluetooth,350000,2,700000,E-Wallet
ORD-1858,2025-07-29 18:20:54.451687,150,Jakarta,Headset Bluetooth,350000,1,350000,Credit Card
ORD-1859,2025-01-21 18:20:54.451687,118,Surabaya,Mouse Wireless,150000,1,150000,Credit Card
ORD-1860,2025-05-07 18:20:54.451687,111,Bandung,Laptop Office,8000000,2,16000000,E-Wallet
ORD-1861,2025-06-14 18:20:54.451687,120,Makassar,Mouse Wireless,150000,2,300000,COD
ORD-1862,2025-07-05 18:20:54.451687,127,Jakarta,Laptop Office,8000000,2,16000000,Credit Card
ORD-1863,2025-07-29 18:20:54.451687,142,Medan,Keyboard Mechanical,500000,1,500000,E-Wallet
ORD-1864,2025-01-21 18:20:54.451687,133,Bandung,Keyboard Mechanical,500000,1,500000,Bank Transfer
ORD-1865,2025-01-19 18:20:54.451687,122,Makassar,Smartphone Mid-range,4000000,1,4000000,E-Wallet
ORD-1866,2025-10-19 18:20:54.451687,110,Surabaya,Smartphone Flagship,12000000,2,24000000,Credit Card
ORD-1867,2025-12-03 18:20:54.451687,102,Bandung,Laptop Office,8000000,1,8000000,Credit Card
ORD-1868,2025-08-06 18:20:54.451687,132,Makassar,Laptop Office,8000000,1,8000000,Credit Card
ORD-1869,2025-12-02 18:20:54.451687,129,Makassar,Smartphone Mid-range,4000000,2,8000000,E-Wallet
ORD-1870,2025-06-24 18:20:54.451687,149,Medan,Monitor 24 inch,2000000,3,6000000,Bank Transfer
ORD-1871,2025-04-26 18:20:54.451687,146,Jakarta,Laptop Gaming,15000000,3,45000000,Bank Transfer
ORD-1872,2025-01-21 18:20:54.451687,129,Medan,Smartphone Flagship,12000000,3,36000000,Bank Transfer
ORD-1873,2025-06-25 18:20:54.451687,120,Jakarta,Smartphone Flagship,12000000,3,36000000,COD
ORD-1874,2025-07-22 18:20:54.451687,121,Medan,Headset Bluetooth,350000,1,350000,E-Wallet
ORD-1875,2025-09-24 18:20:54.451687,112,Medan,Laptop Office,8000000,2,16000000,COD
ORD-1876,2025-01-09 18:20:54.451687,111,Surabaya,Mouse Wireless,150000,3,450000,COD
ORD-1877,2025-01-26 18:20:54.451687,146,Makassar,Mouse Wireless,150000,1,150000,Credit Card
ORD-1878,2025-01-17 18:20:54.451687,129,Makassar,Headset Bluetooth,350000,2,700000,E-Wallet
ORD-1879,2025-07-17 18:20:54.451687,128,Medan,Smartphone Mid-range,4000000,2,8000000,Bank Transfer
ORD-1880,2025-02-20 18:20:54.451687,141,Bandung,Mouse Wireless,150000,3,450000,COD
ORD-1881,2025-07-10 18:20:54.451687,105,Bandung,Smartphone Flagship,12000000,1,12000000,Credit Card
ORD-1882,2025-02-27 18:20:54.451687,110,Jakarta,Smartphone Flagship,12000000,1,12000000,Credit Card
ORD-1883,2025-01-24 18:20:54.451687,131,Bandung,Headset Bluetooth,350000,3,1050000,Credit Card
ORD-1884,2025-08-08 18:20:54.451687,137,Jakarta,Monitor 24 inch,2000000,3,6000000,Bank Transfer
ORD-1885,2025-05-14 18:20:54.451687,103,Bandung,Laptop Office,8000000,2,16000000,COD
ORD-1886,2025-04-23 18:20:54.451687,108,Medan,Laptop Gaming,15000000,1,15000000,Bank Transfer
ORD-1887,2025-08-29 18:20:54.451687,126,Bandung,Keyboard Mechanical,500000,1,500000,COD
ORD-1888,2025-06-14 18:20:54.451687,108,Surabaya,Laptop Gaming,15000000,2,30000000,COD
ORD-1889,2025-06-07 18:20:54.451687,146,Medan,Keyboard Mechanical,500000,2,1000000,Credit Card
ORD-1890,2025-02-15 18:20:54.451687,106,Jakarta,Monitor 24 inch,2000000,3,6000000,E-Wallet
ORD-1891,2025-10-16 18:20:54.451687,145,Bandung,Headset Bluetooth,350000,1,350000,COD
ORD-1892,2025-02-16 18:20:54.451687,115,Bandung,Keyboard Mechanical,500000,1,500000,COD
ORD-1893,2025-04-19 18:20:54.451687,146,Surabaya,Smartphone Mid-range,4000000,3,12000000,COD
ORD-1894,2025-04-03 18:20:54.451687,121,Medan,Smartphone Mid-range,4000000,1,4000000,E-Wallet
ORD-1895,2025-01-26 18:20:54.451687,143,Jakarta,Monitor 24 inch,2000000,3,6000000,Bank Transfer
ORD-1896,2025-09-21 18:20:54.451687,122,Surabaya,Laptop Gaming,15000000,1,15000000,Bank Transfer
ORD-1897,2025-05-03 18:20:54.451687,125,Jakarta,Smartphone Flagship,12000000,3,36000000,Credit Card
ORD-1898,2025-09-08 18:20:54.451687,112,Surabaya,Monitor 24 inch,2000000,1,2000000,E-Wallet
ORD-1899,2025-10-14 18:20:54.451687,128,Jakarta,Monitor 24 inch,2000000,3,6000000,Credit Card
ORD-1900,2025-05-02 18:20:54.451687,144,Surabaya,Monitor 24 inch,2000000,2,4000000,COD
ORD-1901,2025-01-13 18:20:54.451687,114,Surabaya,Mouse Wireless,150000,3,450000,Credit Card
ORD-1902,2025-09-16 18:20:54.451687,114,Jakarta,Laptop Gaming,15000000,2,30000000,Credit Card
ORD-1903,2025-05-02 18:20:54.451687,125,Medan,Keyboard Mechanical,500000,1,500000,Credit Card
ORD-1904,2025-06-12 18:20:54.451687,113,Jakarta,Smartphone Mid-range,4000000,3,12000000,Credit Card
ORD-1905,2025-01-11 18:20:54.451687,111,Surabaya,Smartphone Mid-range,4000000,3,12000000,Bank Transfer
ORD-1906,2025-12-14 18:20:54.451687,115,Makassar,Monitor 24 inch,2000000,1,2000000,Credit Card
ORD-1907,2025-10-23 18:20:54.451687,134,Makassar,Smartphone Mid-range,4000000,1,4000000,Credit Card
ORD-1908,2025-02-11 18:20:54.451687,139,Bandung,Smartphone Mid-range,4000000,2,8000000,Bank Transfer
ORD-1909,2025-10-24 18:20:54.451687,136,Medan,Laptop Gaming,15000000,1,15000000,Bank Transfer
ORD-1910,2025-12-19 18:20:54.451687,128,Surabaya,Smartphone Mid-range,4000000,2,8000000,Bank Transfer
ORD-1911,2025-07-20 18:20:54.451687,125,Surabaya,Mouse Wireless,150000,3,450000,E-Wallet
ORD-1912,2025-06-27 18:20:54.451687,102,Medan,Monitor 24 inch,2000000,2,4000000,COD
ORD-1913,2025-03-13 18:20:54.451687,146,Bandung,Smartphone Flagship,12000000,2,24000000,Bank Transfer
ORD-1914,2025-06-25 18:20:54.451687,117,Medan,Smartphone Flagship,12000000,1,12000000,E-Wallet
ORD-1915,2025-08-08 18:20:54.451687,116,Surabaya,Laptop Gaming,15000000,3,45000000,E-Wallet
ORD-1916,2025-11-23 18:20:54.451687,139,Medan,Smartphone Flagship,12000000,2,24000000,E-Wallet
ORD-1917,2025-10-26 18:20:54.451687,150,Makassar,Keyboard Mechanical,500000,1,500000,COD
ORD-1918,2025-06-27 18:20:54.451687,134,Makassar,Smartphone Flagship,12000000,3,36000000,Credit Card
ORD-1919,2025-11-08 18:20:54.451687,111,Medan,Smartphone Flagship,12000000,1,12000000,Credit Card
ORD-1920,2025-04-04 18:20:54.451687,145,Surabaya,Smartphone Flagship,12000000,2,24000000,COD
ORD-1921,2025-11-25 18:20:54.451687,127,Makassar,Keyboard Mechanical,500000,1,500000,COD
ORD-1922,2025-05-16 18:20:54.451687,135,Medan,Smartphone Flagship,12000000,1,12000000,COD
ORD-1923,2024-12-26 18:20:54.451687,141,Medan,Headset Bluetooth,350000,3,1050000,Bank Transfer
ORD-1924,2025-07-08 18:20:54.451687,126,Bandung,Laptop Office,8000000,1,8000000,Bank Transfer
ORD-1925,2025-12-21 18:20:54.451687,144,Makassar,Monitor 24 inch,2000000,3,6000000,Bank Transfer
ORD-1926,2025-02-16 18:20:54.451687,147,Jakarta,Monitor 24 inch,2000000,3,6000000,Bank Transfer
ORD-1927,2025-04-06 18:20:54.451687,120,Medan,Monitor 24 inch,2000000,2,4000000,Bank Transfer
ORD-1928,2025-03-07 18:20:54.451687,123,Surabaya,Laptop Office,8000000,2,16000000,Credit Card
ORD-1929,2024-12-30 18:20:54.451687,131,Makassar,Mouse Wireless,150000,1,150000,Credit Card
ORD-1930,2025-10-02 18:20:54.451687,144,Makassar,Monitor 24 inch,2000000,1,2000000,Credit Card
ORD-1931,2025-05-30 18:20:54.451687,115,Surabaya,Laptop Office,8000000,3,24000000,COD
ORD-1932,2025-01-21 18:20:54.451687,136,Makassar,Smartphone Mid-range,4000000,2,8000000,E-Wallet
ORD-1933,2025-08-14 18:20:54.451687,144,Medan,Laptop Office,8000000,2,16000000,Credit Card
ORD-1934,2025-03-10 18:20:54.451687,139,Surabaya,Keyboard Mechanical,500000,1,500000,Bank Transfer
ORD-1935,2025-05-23 18:20:54.451687,149,Bandung,Laptop Office,8000000,1,8000000,Credit Card
ORD-1936,2025-10-22 18:20:54.451687,117,Medan,Laptop Gaming,15000000,1,15000000,E-Wallet
ORD-1937,2025-04-21 18:20:54.451687,131,Jakarta,Laptop Gaming,15000000,1,15000000,COD
ORD-1938,2025-07-21 18:20:54.451687,110,Surabaya,Laptop Office,8000000,1,8000000,Credit Card
ORD-1939,2025-03-31 18:20:54.451687,123,Bandung,Monitor 24 inch,2000000,3,6000000,E-Wallet
ORD-1940,2025-07-28 18:20:54.451687,122,Makassar,Mouse Wireless,150000,2,300000,Bank Transfer
ORD-1941,2025-06-17 18:20:54.451687,112,Makassar,Monitor 24 inch,2000000,2,4000000,COD
ORD-1942,2025-09-05 18:20:54.451687,109,Bandung,Mouse Wireless,150000,3,450000,Bank Transfer
ORD-1943,2025-03-19 18:20:54.451687,114,Surabaya,Mouse Wireless,150000,1,150000,COD
ORD-1944,2025-11-17 18:20:54.451687,127,Jakarta,Smartphone Flagship,12000000,1,12000000,E-Wallet
ORD-1945,2025-01-07 18:20:54.451687,113,Surabaya,Headset Bluetooth,350000,3,1050000,Bank Transfer
ORD-1946,2025-03-14 18:20:54.451687,119,Bandung,Keyboard Mechanical,500000,2,1000000,Credit Card
ORD-1947,2025-06-10 18:20:54.451687,103,Surabaya,Laptop Office,8000000,3,24000000,E-Wallet
ORD-1948,2024-12-31 18:20:54.451687,114,Medan,Mouse Wireless,150000,2,300000,COD
ORD-1949,2025-08-23 18:20:54.451687,109,Makassar,Laptop Office,8000000,3,24000000,Credit Card
ORD-1950,2025-08-19 18:20:54.451687,108,Bandung,Keyboard Mechanical,500000,3,1500000,E-Wallet
ORD-1951,2025-03-18 18:20:54.451687,119,Bandung,Smartphone Flagship,12000000,1,12000000,COD
ORD-1952,2025-02-02 18:20:54.451687,111,Medan,Headset Bluetooth,350000,3,1050000,E-Wallet
ORD-1953,2025-11-30 18:20:54.451687,109,Bandung,Laptop Gaming,15000000,2,30000000,COD
ORD-1954,2025-09-27 18:20:54.451687,129,Surabaya,Laptop Gaming,15000000,1,15000000,COD
ORD-1955,2025-05-10 18:20:54.451687,134,Bandung,Headset Bluetooth,350000,1,350000,COD
ORD-1956,2025-01-28 18:20:54.451687,117,Makassar,Keyboard Mechanical,500000,3,1500000,Credit Card
ORD-1957,2025-03-17 18:20:54.451687,109,Surabaya,Monitor 24 inch,2000000,2,4000000,Credit Card
ORD-1958,2025-05-24 18:20:54.451687,123,Bandung,Laptop Office,8000000,1,8000000,COD
ORD-1959,2025-08-26 18:20:54.451687,138,Makassar,Monitor 24 inch,2000000,1,2000000,Credit Card
ORD-1960,2025-12-14 18:20:54.451687,110,Bandung,Smartphone Flagship,12000000,2,24000000,Credit Card
ORD-1961,2024-12-30 18:20:54.451687,148,Bandung,Laptop Gaming,15000000,3,45000000,Credit Card
ORD-1962,2024-12-21 18:20:54.451687,145,Makassar,Laptop Office,8000000,3,24000000,E-Wallet
ORD-1963,2025-03-09 18:20:54.451687,124,Surabaya,Smartphone Mid-range,4000000,3,12000000,Credit Card
ORD-1964,2025-12-02 18:20:54.451687,133,Surabaya,Keyboard Mechanical,500000,1,500000,E-Wallet
ORD-1965,2025-11-06 18:20:54.451687,109,Surabaya,Laptop Gaming,15000000,1,15000000,Bank Transfer
ORD-1966,2025-04-26 18:20:54.451687,139,Jakarta,Keyboard Mechanical,500000,1,500000,COD
ORD-1967,2025-06-19 18:20:54.451687,147,Jakarta,Mouse Wireless,150000,2,300000,E-Wallet
ORD-1968,2025-11-09 18:20:54.451687,101,Surabaya,Smartphone Mid-range,4000000,3,12000000,Credit Card
ORD-1969,2025-07-12 18:20:54.451687,109,Medan,Smartphone Mid-range,4000000,1,4000000,E-Wallet
ORD-1970,2025-11-22 18:20:54.451687,117,Surabaya,Monitor 24 inch,2000000,2,4000000,Credit Card
ORD-1971,2025-08-27 18:20:54.451687,129,Jakarta,Keyboard Mechanical,500000,2,1000000,Credit Card
ORD-1972,2025-05-20 18:20:54.451687,122,Makassar,Mouse Wireless,150000,2,300000,Credit Card
ORD-1973,2025-06-16 18:20:54.451687,142,Bandung,Mouse Wireless,150000,3,450000,Bank Transfer
ORD-1974,2025-07-29 18:20:54.451687,108,Bandung,Smartphone Flagship,12000000,2,24000000,Bank Transfer
ORD-1975,2025-03-06 18:20:54.451687,116,Medan,Laptop Gaming,15000000,1,15000000,Bank Transfer
ORD-1976,2025-03-24 18:20:54.451687,110,Makassar,Mouse Wireless,150000,3,450000,E-Wallet
ORD-1977,2025-05-26 18:20:54.451687,117,Jakarta,Laptop Gaming,15000000,1,15000000,E-Wallet
ORD-1978,2025-01-16 18:20:54.451687,119,Makassar,Smartphone Mid-range,4000000,2,8000000,Bank Transfer
ORD-1979,2025-05-23 18:20:54.451687,138,Surabaya,Headset Bluetooth,350000,1,350000,COD
ORD-1980,2025-09-29 18:20:54.451687,142,Bandung,Keyboard Mechanical,500000,2,1000000,COD
ORD-1981,2025-05-04 18:20:54.451687,139,Bandung,Smartphone Flagship,12000000,1,12000000,COD
ORD-1982,2025-05-17 18:20:54.451687,121,Bandung,Keyboard Mechanical,500000,2,1000000,Credit Card
ORD-1983,2025-02-07 18:20:54.451687,123,Bandung,Mouse Wireless,150000,3,450000,COD
ORD-1984,2025-04-15 18:20:54.451687,115,Bandung,Laptop Gaming,15000000,2,30000000,COD
ORD-1985,2025-09-23 18:20:54.451687,121,Jakarta,Monitor 24 inch,2000000,3,6000000,E-Wallet
ORD-1986,2025-12-01 18:20:54.451687,149,Bandung,Smartphone Mid-range,4000000,3,12000000,COD
ORD-1987,2025-11-22 18:20:54.451687,102,Bandung,Smartphone Flagship,12000000,1,12000000,COD
ORD-1988,2025-08-15 18:20:54.451687,112,Jakarta,Laptop Office,8000000,2,16000000,COD
ORD-1989,2025-03-09 18:20:54.451687,129,Surabaya,Smartphone Mid-range,4000000,2,8000000,COD
ORD-1990,2025-06-13 18:20:54.451687,143,Surabaya,Monitor 24 inch,2000000,3,6000000,Bank Transfer
ORD-1991,2024-12-28 18:20:54.451687,102,Makassar,Smartphone Flagship,12000000,1,12000000,Credit Card
ORD-1992,2025-08-14 18:20:54.451687,106,Surabaya,Headset Bluetooth,350000,1,350000,Credit Card
ORD-1993,2025-09-18 18:20:54.451687,146,Jakarta,Keyboard Mechanical,500000,1,500000,COD
ORD-1994,2025-12-12 18:20:54.451687,120,Jakarta,Smartphone Flagship,12000000,3,36000000,Bank Transfer
ORD-1995,2025-07-16 18:20:54.451687,146,Makassar,Mouse Wireless,150000,3,450000,E-Wallet
ORD-1996,2025-08-31 18:20:54.451687,129,Surabaya,Laptop Office,8000000,1,8000000,E-Wallet
ORD-1997,2025-05-15 18:20:54.451687,132,Surabaya,Laptop Office,8000000,3,24000000,COD
ORD-1998,2025-02-16 18:20:54.451687,150,Jakarta,Mouse Wireless,150000,1,150000,Bank Transfer
ORD-1999,2025-03-07 18:20:54.451687,141,Surabaya,Keyboard Mechanical,500000,1,500000,Bank Transfer
